rely,data,cplx,time,stor,virt,turn,acap,aexp,pcap,vexp,lexp,modp,tool,sced,loc,actual,eaf,dd,cod,inte,nloc,nactual
0.88,1.16,0.7,1.0,1.06,1.15,1.07,1.19,1.13,1.17,1.1,1.0,1.24,1.1,1.04,113.0,2040.0,2.288114989,40.85554812335204,44.99633938362387,89.46762026176287,64.04999007154123,57.175134038178854
0.88,1.16,0.7,1.0,1.06,1.15,1.07,1.19,1.13,1.17,1.1,1.0,1.24,1.1,1.04,113.0,2040.0,2.288114989,70.23131467832748,42.521191355665984,71.40725378996521,70.366297138973,64.00618593435118
0.88,1.16,0.7,1.0,1.06,1.15,1.07,1.19,1.13,1.17,1.1,1.0,1.24,1.1,1.04,113.0,2040.0,2.288114989,28.312757937756302,25.726966428482314,32.56551747954113,32.5585186326858,25.385275178202253
0.88,1.16,0.7,1.0,1.06,1.15,1.07,1.19,1.13,1.17,1.1,1.0,1.24,1.1,1.04,113.0,2040.0,2.288114989,57.97739623314444,46.04888868755603,13.834644420006374,46.50630082084494,38.94022593981507
0.88,1.16,0.7,1.0,1.06,1.15,1.07,1.19,1.13,1.17,1.1,1.0,1.24,1.1,1.04,113.0,2040.0,2.288114989,68.5210511948261,22.028112350024138,78.87109465082594,65.17634631334958,58.383795444360814
0.88,1.16,0.7,1.0,1.06,1.15,1.07,1.19,1.13,1.17,1.1,1.0,1.24,1.1,1.04,113.0,2040.0,2.288114989,87.25734996552006,77.46078190831614,50.068617727557324,82.67278866097617,77.66393942819818
0.88,1.16,0.85,1.0,1.06,1.0,1.07,1.0,0.91,1.0,0.9,0.95,1.1,1.0,1.0,293.0,1600.0,0.842266296,20.068377271610103,14.027869501571608,11.74215608523154,46.17199065312701,31.90661961727587
0.88,1.16,0.85,1.0,1.06,1.0,1.07,1.0,0.91,1.0,0.9,0.95,1.1,1.0,1.0,293.0,1600.0,0.842266296,44.90311395258355,28.325033723149318,58.07199114197225,128.56943440886977,109.04148465544566
0.88,1.16,0.85,1.0,1.06,1.0,1.07,1.0,0.91,1.0,0.9,0.95,1.1,1.0,1.0,293.0,1600.0,0.842266296,40.464488002755694,43.016869538723114,90.27007498707015,164.58360417740195,146.65279966174478
0.88,1.16,0.85,1.0,1.06,1.0,1.07,1.0,0.91,1.0,0.9,0.95,1.1,1.0,1.0,293.0,1600.0,0.842266296,75.45879510652144,65.28648148175412,43.54745718599106,184.10273995379114,167.7640022837064
0.88,1.16,0.85,1.0,1.06,1.0,1.07,1.0,0.91,1.0,0.9,0.95,1.1,1.0,1.0,293.0,1600.0,0.842266296,6.355823838446801,31.821676193257726,21.86735330974164,54.6416824717961,39.0530854619729
0.88,1.16,0.85,1.0,1.06,1.0,1.07,1.0,0.91,1.0,0.9,0.95,1.1,1.0,1.0,293.0,1600.0,0.842266296,15.08705280595448,10.499720420561376,73.53024278702158,91.54436354804407,72.54114520545025
1.0,1.16,0.85,1.0,1.0,0.87,0.94,0.86,0.82,0.86,0.9,0.95,0.91,0.91,1.0,132.0,243.0,0.346245131,69.40761064599776,51.033720665842786,65.03545644172422,82.61061255568335,75.21911592449997
1.0,1.16,0.85,1.0,1.0,0.87,0.94,0.86,0.82,0.86,0.9,0.95,0.91,0.91,1.0,132.0,243.0,0.346245131,33.32494668189217,71.6999346632049,52.751010578672954,66.87814616382269,58.374918213971
1.0,1.16,0.85,1.0,1.0,0.87,0.94,0.86,0.82,0.86,0.9,0.95,0.91,0.91,1.0,132.0,243.0,0.346245131,6.772132355582466,29.162059813478507,17.03591817881889,21.87008516869731,15.26531544063493
1.0,1.16,0.85,1.0,1.0,0.87,0.94,0.86,0.82,0.86,0.9,0.95,0.91,0.91,1.0,132.0,243.0,0.346245131,67.46128433357373,64.58614743427248,57.6695845951481,84.0328280117775,76.77573610297284
1.0,1.16,0.85,1.0,1.0,0.87,0.94,0.86,0.82,0.86,0.9,0.95,0.91,0.91,1.0,132.0,243.0,0.346245131,25.13450134756009,67.51330869647947,34.95806327179339,53.849680010947786,45.0095805899664
1.0,1.16,0.85,1.0,1.0,0.87,0.94,0.86,0.82,0.86,0.9,0.95,0.91,0.91,1.0,132.0,243.0,0.346245131,15.962100851099862,17.12525881093797,33.4517692975366,28.456492380336655,20.936440822814166
0.75,1.16,0.7,1.0,1.0,0.87,1.0,1.19,0.91,1.42,1.0,0.95,1.24,1.0,1.04,60.0,240.0,0.998140949,82.51820839352632,76.77285431838938,57.74781594637335,44.0180906621036,41.37396956243675
0.75,1.16,0.7,1.0,1.0,0.87,1.0,1.19,0.91,1.42,1.0,0.95,1.24,1.0,1.04,60.0,240.0,0.998140949,44.24024700779182,85.47373472655086,74.94442204949095,39.49292750155756,36.32393948668372
0.75,1.16,0.7,1.0,1.0,0.87,1.0,1.19,0.91,1.42,1.0,0.95,1.24,1.0,1.04,60.0,240.0,0.998140949,52.31448245034826,60.07836952222797,35.95180312817958,29.840906865156946,25.95040681875391
0.75,1.16,0.7,1.0,1.0,0.87,1.0,1.19,0.91,1.42,1.0,0.95,1.24,1.0,1.04,60.0,240.0,0.998140949,54.70485563537422,46.361398185640475,56.68993151468871,31.678404698549066,27.879547020367006
0.75,1.16,0.7,1.0,1.0,0.87,1.0,1.19,0.91,1.42,1.0,0.95,1.24,1.0,1.04,60.0,240.0,0.998140949,34.80016595395955,71.64305550225285,68.65501313840278,33.60569218426831,29.92713646845187
0.75,1.16,0.7,1.0,1.0,0.87,1.0,1.19,0.91,1.42,1.0,0.95,1.24,1.0,1.04,60.0,240.0,0.998140949,10.130468669717757,55.10241970189942,42.07187821371921,19.92268610554361,15.980384363305408
0.88,0.94,1.0,1.0,1.0,0.87,1.0,1.0,1.0,0.86,0.9,0.95,1.24,1.0,1.0,16.0,33.0,0.656169485,41.24271542863057,84.32047424925885,35.839473388703006,8.407211274054525,7.391938707967681
0.88,0.94,1.0,1.0,1.0,0.87,1.0,1.0,1.0,0.86,0.9,0.95,1.24,1.0,1.0,16.0,33.0,0.656169485,66.4506636633722,23.844305260814398,16.446605173904054,6.186806175322307,5.116062199820211
0.88,0.94,1.0,1.0,1.0,0.87,1.0,1.0,1.0,0.86,0.9,0.95,1.24,1.0,1.0,16.0,33.0,0.656169485,7.259749152959589,40.179720698901164,87.24552688257532,6.5810358297002844,5.509714683262071
0.88,0.94,1.0,1.0,1.0,0.87,1.0,1.0,1.0,0.86,0.9,0.95,1.24,1.0,1.0,16.0,33.0,0.656169485,32.95291486725759,57.63921029829827,50.31336159003901,7.290710002144675,6.230168493048315
0.88,0.94,1.0,1.0,1.0,0.87,1.0,1.0,1.0,0.86,0.9,0.95,1.24,1.0,1.0,16.0,33.0,0.656169485,88.668528957611,86.97276903998458,41.08960789805079,11.821779946312802,11.127444803536408
0.88,0.94,1.0,1.0,1.0,0.87,1.0,1.0,1.0,0.86,0.9,0.95,1.24,1.0,1.0,16.0,33.0,0.656169485,74.94099522017078,33.6526186828399,79.98620055535292,10.250887017524185,9.377557584970127
0.75,1.0,0.85,1.0,1.21,1.0,1.0,1.46,1.0,1.42,0.9,0.95,1.24,1.1,1.0,4.0,43.0,1.865036109,59.42166860496172,49.27098443946171,29.582975657799302,1.8969942188465194,1.6340570332277278
0.75,1.0,0.85,1.0,1.21,1.0,1.0,1.46,1.0,1.42,0.9,0.95,1.24,1.1,1.0,4.0,43.0,1.865036109,11.820368539579942,39.88867290354136,78.80756724211129,1.6134807783811107,1.3455646123574794
0.75,1.0,0.85,1.0,1.21,1.0,1.0,1.46,1.0,1.42,0.9,0.95,1.24,1.1,1.0,4.0,43.0,1.865036109,23.983271386406653,63.79103936667255,52.57087461736381,1.7800753099909428,1.5139587889236932
0.75,1.0,0.85,1.0,1.21,1.0,1.0,1.46,1.0,1.42,0.9,0.95,1.24,1.1,1.0,4.0,43.0,1.865036109,23.676090376140984,18.773732482926498,55.043694484340186,1.264626569625456,1.0044834003419572
0.75,1.0,0.85,1.0,1.21,1.0,1.0,1.46,1.0,1.42,0.9,0.95,1.24,1.1,1.0,4.0,43.0,1.865036109,39.29264814248051,80.56755840560116,53.48993960808337,2.2373723464439026,1.9919293048128792
0.75,1.0,0.85,1.0,1.21,1.0,1.0,1.46,1.0,1.42,0.9,0.95,1.24,1.1,1.0,4.0,43.0,1.865036109,40.780157689186616,18.88045081108394,91.36811406389808,1.97546530152677,1.7155022370770898
0.75,1.0,1.0,1.0,1.0,0.87,0.87,1.0,1.0,1.0,0.9,0.95,0.91,0.91,1.0,6.9,8.0,0.401928376,65.77836683386771,24.681486983883598,10.540177200519453,2.544571373231892,2.084336079964526
0.75,1.0,1.0,1.0,1.0,0.87,0.87,1.0,1.0,1.0,0.9,0.95,0.91,0.91,1.0,6.9,8.0,0.401928376,19.252419071844734,51.672687393217835,83.61287459699467,3.331777899580314,2.880324599719028
0.75,1.0,1.0,1.0,1.0,0.87,0.87,1.0,1.0,1.0,0.9,0.95,0.91,0.91,1.0,6.9,8.0,0.401928376,53.28432921096265,11.906394661342903,44.6630090398809,2.6416341428379018,2.1801048689595968
0.75,1.0,1.0,1.0,1.0,0.87,0.87,1.0,1.0,1.0,0.9,0.95,0.91,0.91,1.0,6.9,8.0,0.401928376,36.86540145845609,18.76620095492629,47.502874664625644,2.389254945578113,1.932614235594897
0.75,1.0,1.0,1.0,1.0,0.87,0.87,1.0,1.0,1.0,0.9,0.95,0.91,0.91,1.0,6.9,8.0,0.401928376,34.15949568789388,49.73098840476989,42.426408265685495,2.850460192064298,2.3885160183040277
0.75,1.0,1.0,1.0,1.0,0.87,0.87,1.0,1.0,1.0,0.9,0.95,0.91,0.91,1.0,6.9,8.0,0.401928376,28.873299665260852,45.77871842947194,44.64284040527203,2.6686293386404003,2.2068666384337754
1.15,0.94,1.3,1.66,1.56,1.3,1.0,0.71,0.91,1.0,1.21,1.14,1.1,1.1,1.08,22.0,1075.0,5.509905793,89.2829143922815,51.59216466203493,57.66782454631364,15.068055754271777,13.969604990699823
1.15,0.94,1.3,1.66,1.56,1.3,1.0,0.71,0.91,1.0,1.21,1.14,1.1,1.1,1.08,22.0,1075.0,5.509905793,73.20529375552977,58.23591752173356,34.87480028003276,12.587373225403196,11.257386974890675
1.15,0.94,1.3,1.66,1.56,1.3,1.0,0.71,0.91,1.0,1.21,1.14,1.1,1.1,1.08,22.0,1075.0,5.509905793,85.05264807570244,49.36730575599381,52.76585956937504,14.225421942136158,13.037479907978117
1.15,0.94,1.3,1.66,1.56,1.3,1.0,0.71,0.91,1.0,1.21,1.14,1.1,1.1,1.08,22.0,1075.0,5.509905793,40.36972661457718,30.92665366870511,64.55953073313376,9.854624112604156,8.392349080324106
1.15,0.94,1.3,1.66,1.56,1.3,1.0,0.71,0.91,1.0,1.21,1.14,1.1,1.1,1.08,22.0,1075.0,5.509905793,38.248973540770834,66.81424297047386,74.04185418364284,12.662412083759536,11.337967179251805
1.15,0.94,1.3,1.66,1.56,1.3,1.0,0.71,0.91,1.0,1.21,1.14,1.1,1.1,1.08,22.0,1075.0,5.509905793,89.66364593285485,52.83931397436867,26.092006465745023,13.09986799113873,11.809615743004585
1.15,0.94,1.3,1.3,1.21,1.15,1.0,0.86,1.0,0.86,1.1,1.07,0.91,1.0,1.0,30.0,423.0,2.013772319,57.13915191504951,40.94885885604648,38.160848771376884,13.976571916274045,11.996554884815291
1.15,0.94,1.3,1.3,1.21,1.15,1.0,0.86,1.0,0.86,1.1,1.07,0.91,1.0,1.0,30.0,423.0,2.013772319,54.56983478310298,32.36806736165599,26.481705703239253,11.844859749812931,9.835844551280909
1.15,0.94,1.3,1.3,1.21,1.15,1.0,0.86,1.0,0.86,1.1,1.07,0.91,1.0,1.0,30.0,423.0,2.013772319,13.887846502251625,11.307077781722423,69.77630481809899,8.964046014254123,7.040129399779683
1.15,0.94,1.3,1.3,1.21,1.15,1.0,0.86,1.0,0.86,1.1,1.07,0.91,1.0,1.0,30.0,423.0,2.013772319,73.91954610506778,13.311826336651231,82.27716171691779,17.473354457429345,15.682933226743568
1.15,0.94,1.3,1.3,1.21,1.15,1.0,0.86,1.0,0.86,1.1,1.07,0.91,1.0,1.0,30.0,423.0,2.013772319,76.60480719519137,66.47616476373717,22.650545633540013,17.21398079917791,15.403993479243864
1.15,0.94,1.3,1.3,1.21,1.15,1.0,0.86,1.0,0.86,1.1,1.07,0.91,1.0,1.0,30.0,423.0,2.013772319,60.857876713086746,66.76683567384593,41.01236422473437,17.003073196442635,15.177794149182539
1.4,0.94,1.3,1.11,1.56,1.0,1.07,0.86,0.82,0.86,0.9,1.0,1.0,1.0,1.0,29.0,321.0,1.730150413,63.605270154207574,64.49134596056672,62.012101617329876,18.384011277165083,16.78219386661029
1.4,0.94,1.3,1.11,1.56,1.0,1.07,0.86,0.82,0.86,0.9,1.0,1.0,1.0,1.0,29.0,321.0,1.730150413,35.688880678849166,21.145586999819024,19.392259023444474,7.666702762770428,5.875580105560356
1.4,0.94,1.3,1.11,1.56,1.0,1.07,0.86,0.82,0.86,0.9,1.0,1.0,1.0,1.0,29.0,321.0,1.730150413,7.359917605819416,67.96460098335147,78.52410547108927,13.598267903811397,11.68693724790046
1.4,0.94,1.3,1.11,1.56,1.0,1.07,0.86,0.82,0.86,0.9,1.0,1.0,1.0,1.0,29.0,321.0,1.730150413,7.135191958410211,59.115884749834706,15.158423807345526,7.289547111650264,5.530457470778066
1.4,0.94,1.3,1.11,1.56,1.0,1.07,0.86,0.82,0.86,0.9,1.0,1.0,1.0,1.0,29.0,321.0,1.730150413,23.28759911966227,29.96626799626239,91.44707254691197,13.264322125136992,11.343379780755047
1.4,0.94,1.3,1.11,1.56,1.0,1.07,0.86,0.82,0.86,0.9,1.0,1.0,1.0,1.0,29.0,321.0,1.730150413,41.04176084895421,83.1823456362849,92.20974896955059,20.019956489186377,18.589861558744897
1.4,0.94,1.3,1.11,1.56,1.0,1.07,0.86,0.82,0.86,0.9,1.0,1.0,1.0,1.0,32.0,218.0,1.730150413,75.82972974951517,13.863923542907326,87.33305030145132,19.42111489699637,17.575148103042615
1.4,0.94,1.3,1.11,1.56,1.0,1.07,0.86,0.82,0.86,0.9,1.0,1.0,1.0,1.0,32.0,218.0,1.730150413,10.087734384882042,79.40692069773604,48.355774562782464,13.556448746274677,11.416819320095396
1.4,0.94,1.3,1.11,1.56,1.0,1.07,0.86,0.82,0.86,0.9,1.0,1.0,1.0,1.0,32.0,218.0,1.730150413,25.587398329799495,17.125298989922022,61.69059841404498,10.841513136995168,8.731279379669271
1.4,0.94,1.3,1.11,1.56,1.0,1.07,0.86,0.82,0.86,0.9,1.0,1.0,1.0,1.0,32.0,218.0,1.730150413,60.431448782064365,21.395369760909205,28.509003316332887,12.526045259519481,10.383571941813933
1.4,0.94,1.3,1.11,1.56,1.0,1.07,0.86,0.82,0.86,0.9,1.0,1.0,1.0,1.0,32.0,218.0,1.730150413,88.96080308271894,65.67331640665262,55.48388559905801,23.018074187136243,21.550273530412166
1.4,0.94,1.3,1.11,1.56,1.0,1.07,0.86,0.82,0.86,0.9,1.0,1.0,1.0,1.0,32.0,218.0,1.730150413,82.44574824848407,53.82476394933816,75.95182176603193,23.01160800448149,21.54300911260117
1.15,0.94,1.3,1.11,1.06,1.0,1.0,0.86,0.82,0.86,1.0,0.95,0.91,1.0,1.08,37.0,201.0,0.936262003,89.11086813230251,78.75962636658626,37.1825026581719,26.05798480532893,24.293419351142322
1.15,0.94,1.3,1.11,1.06,1.0,1.0,0.86,0.82,0.86,1.0,0.95,0.91,1.0,1.08,37.0,201.0,0.936262003,84.36652191773992,73.29080327419283,82.37255509914955,29.764878023266515,28.497357047444268
1.15,0.94,1.3,1.11,1.06,1.0,1.0,0.86,0.82,0.86,1.0,0.95,0.91,1.0,1.08,37.0,201.0,0.936262003,33.46053874906508,47.44257034932155,82.71454718561,19.399599781239033,17.049473793454673
1.15,0.94,1.3,1.11,1.06,1.0,1.0,0.86,0.82,0.86,1.0,0.95,0.91,1.0,1.08,37.0,201.0,0.936262003,14.149427086538289,45.92716992560132,47.65655287651206,12.481908439842252,10.04377201892454
1.15,0.94,1.3,1.11,1.06,1.0,1.0,0.86,0.82,0.86,1.0,0.95,0.91,1.0,1.08,37.0,201.0,0.936262003,87.71032677016363,23.758810139920207,38.24078585142118,19.863083517023114,17.539437354469484
1.15,0.94,1.3,1.11,1.06,1.0,1.0,0.86,0.82,0.86,1.0,0.95,0.91,1.0,1.08,37.0,201.0,0.936262003,35.81854518961532,74.66027238765398,41.73239145959914,18.220730375108165,15.813885614521718
1.15,0.94,1.3,1.11,1.06,1.15,1.0,0.71,1.0,0.7,1.1,1.0,0.82,1.0,1.0,25.0,79.0,0.852429865,30.138504401216654,37.882947139306566,67.23778785588199,10.897905564760807,9.230466416713009
1.15,0.94,1.3,1.11,1.06,1.15,1.0,0.71,1.0,0.7,1.1,1.0,0.82,1.0,1.0,25.0,79.0,0.852429865,10.943267710682916,31.804762404641657,73.30001818619533,8.977185315381066,7.31442559939017
1.15,0.94,1.3,1.11,1.06,1.15,1.0,0.71,1.0,0.7,1.1,1.0,0.82,1.0,1.0,25.0,79.0,0.852429865,42.676607714146115,42.23369340878272,31.360118529211654,9.787196666764189,8.113382977814098
1.15,0.94,1.3,1.11,1.06,1.15,1.0,0.71,1.0,0.7,1.1,1.0,0.82,1.0,1.0,25.0,79.0,0.852429865,30.503497714623936,48.818449936272934,56.69045981462221,10.96351800277953,9.297194554374014
1.15,0.94,1.3,1.11,1.06,1.15,1.0,0.71,1.0,0.7,1.1,1.0,0.82,1.0,1.0,25.0,79.0,0.852429865,80.94005616372463,65.94990804450036,22.844638171510272,14.753596582573259,13.276679857095655
1.15,0.94,1.3,1.11,1.06,1.15,1.0,0.71,1.0,0.7,1.1,1.0,0.82,1.0,1.0,25.0,79.0,0.852429865,43.58839050548449,11.470998928675682,11.13775016935728,6.054495232900922,4.559377252852369
1.15,0.94,1.65,1.3,1.56,1.15,1.0,0.86,1.0,0.7,1.1,1.07,1.1,1.24,1.23,3.0,60.0,4.945017866,70.17286798299106,42.55710174203507,37.21595985795123,1.5600319701957697,1.3687872379028911
1.15,0.94,1.65,1.3,1.56,1.15,1.0,0.86,1.0,0.7,1.1,1.07,1.1,1.24,1.23,3.0,60.0,4.945017866,40.609634215550464,44.978916811245746,46.1493133972344,1.307469682462927,1.107372417218512
1.15,0.94,1.65,1.3,1.56,1.15,1.0,0.86,1.0,0.7,1.1,1.07,1.1,1.24,1.23,3.0,60.0,4.945017866,40.52976202049357,83.57011239790674,15.599919111806877,1.3788874278333454,1.1803486925839886
1.15,0.94,1.65,1.3,1.56,1.15,1.0,0.86,1.0,0.7,1.1,1.07,1.1,1.24,1.23,3.0,60.0,4.945017866,66.62236877862708,78.15939596095458,28.098084460119477,1.7557857491331914,1.5773990420679849
1.15,0.94,1.65,1.3,1.56,1.15,1.0,0.86,1.0,0.7,1.1,1.07,1.1,1.24,1.23,3.0,60.0,4.945017866,42.35466263270863,73.60252948298165,38.285208011210855,1.5152455890402363,1.3217684558482234
1.15,0.94,1.65,1.3,1.56,1.15,1.0,0.86,1.0,0.7,1.1,1.07,1.1,1.24,1.23,3.0,60.0,4.945017866,53.64345423445257,49.18059326659916,16.759803538182943,1.2371850220564697,1.0363282411936836
1.4,0.94,1.3,1.3,1.06,1.15,0.87,0.86,1.13,0.86,1.21,1.14,0.91,1.0,1.23,3.9,61.0,3.043530256,58.376707650231026,36.58289577547328,60.78586781110738,2.0498911733065976,1.8024533985061737
1.4,0.94,1.3,1.3,1.06,1.15,0.87,0.86,1.13,0.86,1.21,1.14,0.91,1.0,1.23,3.9,61.0,3.043530256,18.736426506185072,23.824065734595727,76.72012166236146,1.4686552460408862,1.208066695587228
1.4,0.94,1.3,1.3,1.06,1.15,0.87,0.86,1.13,0.86,1.21,1.14,0.91,1.0,1.23,3.9,61.0,3.043530256,69.14651686051721,80.24453324911586,59.11360634191264,2.7091758962391013,2.5187886183732835
1.4,0.94,1.3,1.3,1.06,1.15,0.87,0.86,1.13,0.86,1.21,1.14,0.91,1.0,1.23,3.9,61.0,3.043530256,47.376272589647094,72.22687040944598,26.21097058004367,1.8907925919755235,1.635911287998371
1.4,0.94,1.3,1.3,1.06,1.15,0.87,0.86,1.13,0.86,1.21,1.14,0.91,1.0,1.23,3.9,61.0,3.043530256,77.17403527190179,23.103191944126138,45.189526800357164,2.0029397595521226,1.7530267523478862
1.4,0.94,1.3,1.3,1.06,1.15,0.87,0.86,1.13,0.86,1.21,1.14,0.91,1.0,1.23,3.9,61.0,3.043530256,21.273898315237716,49.161249020058904,13.696433496395533,1.0673076991602253,0.8236347265997569
1.4,1.0,1.3,1.3,1.56,1.0,0.87,0.86,1.0,0.86,1.0,1.0,1.0,1.0,1.0,6.1,40.0,2.374955594,25.282961345350785,37.99435425496461,85.93839766801739,2.8848736170171296,2.483625918350016
1.4,1.0,1.3,1.3,1.56,1.0,0.87,0.86,1.0,0.86,1.0,1.0,1.0,1.0,1.0,6.1,40.0,2.374955594,57.35097277004536,49.295673212460684,27.283107284790855,2.80075541868881,2.396979141710798
1.4,1.0,1.3,1.3,1.56,1.0,0.87,0.86,1.0,0.86,1.0,1.0,1.0,1.0,1.0,6.1,40.0,2.374955594,76.49719194120628,60.31374144005881,85.84817434289236,4.541294542193439,4.281043469639769
1.4,1.0,1.3,1.3,1.56,1.0,0.87,0.86,1.0,0.86,1.0,1.0,1.0,1.0,1.0,6.1,40.0,2.374955594,46.64291567944416,61.58346327481305,40.81914695935711,3.012054909863751,2.6155889549321825
1.4,1.0,1.3,1.3,1.56,1.0,0.87,0.86,1.0,0.86,1.0,1.0,1.0,1.0,1.0,6.1,40.0,2.374955594,61.542309311633254,49.35065740366401,73.85949868534051,3.756378203632634,3.4092371109183897
1.4,1.0,1.3,1.3,1.56,1.0,0.87,0.86,1.0,0.86,1.0,1.0,1.0,1.0,1.0,6.1,40.0,2.374955594,53.077635920089506,14.837661196191467,59.62523631162156,2.657765340843162,2.2508885570622095
1.4,1.0,1.3,1.3,1.56,1.0,0.87,0.86,0.82,0.86,1.0,1.0,1.0,1.0,1.0,3.6,9.0,1.947463587,58.94019734224381,89.47247775638351,47.57859670710996,2.3288904459340403,2.1346091707817054
1.4,1.0,1.3,1.3,1.56,1.0,0.87,0.86,0.82,0.86,1.0,1.0,1.0,1.0,1.0,3.6,9.0,1.947463587,63.40743630444384,13.33784282825019,88.71963339465195,2.0152878259913347,1.7945022100340027
1.4,1.0,1.3,1.3,1.56,1.0,0.87,0.86,0.82,0.86,1.0,1.0,1.0,1.0,1.0,3.6,9.0,1.947463587,86.34602392269258,85.70699093021796,22.579912791467,2.4128813046809707,2.227320170357538
1.4,1.0,1.3,1.3,1.56,1.0,0.87,0.86,0.82,0.86,1.0,1.0,1.0,1.0,1.0,3.6,9.0,1.947463587,68.22460946176139,83.29987871457861,76.57994018054492,2.709136420316698,2.5593904762533106
1.4,1.0,1.3,1.3,1.56,1.0,0.87,0.86,0.82,0.86,1.0,1.0,1.0,1.0,1.0,3.6,9.0,1.947463587,41.00842236453108,87.61784780062102,87.56071655701138,2.4824497771116776,2.304602692843699
1.4,1.0,1.3,1.3,1.56,1.0,0.87,0.86,0.82,0.86,1.0,1.0,1.0,1.0,1.0,3.6,9.0,1.947463587,68.03567002153886,62.676443550913426,73.82123843002614,2.453888613704307,2.2728214235905497
1.15,1.16,1.15,1.3,1.21,1.0,1.07,0.86,1.0,1.0,1.0,1.0,1.24,1.1,1.08,320.0,11400.0,3.271167233,51.9774014254716,83.16917015352992,73.57538398657636,217.00584579910566,200.78706163521534
1.15,1.16,1.15,1.3,1.21,1.0,1.07,0.86,1.0,1.0,1.0,1.0,1.24,1.1,1.08,320.0,11400.0,3.271167233,32.05443909270606,66.74015200963062,79.5998557174435,181.51608945665492,162.0571348228031
1.15,1.16,1.15,1.3,1.21,1.0,1.07,0.86,1.0,1.0,1.0,1.0,1.24,1.1,1.08,320.0,11400.0,3.271167233,52.30516133300761,13.461916644166756,79.9270983200403,156.60406087188855,135.74805874598806
1.15,1.16,1.15,1.3,1.21,1.0,1.07,0.86,1.0,1.0,1.0,1.0,1.24,1.1,1.08,320.0,11400.0,3.271167233,71.82957710334092,65.0750330372872,72.63035317159182,224.13902945280023,208.73293933743824
1.15,1.16,1.15,1.3,1.21,1.0,1.07,0.86,1.0,1.0,1.0,1.0,1.24,1.1,1.08,320.0,11400.0,3.271167233,55.59101694182776,36.47515113239407,43.25450336027543,147.69696999850225,126.53652612415868
1.15,1.16,1.15,1.3,1.21,1.0,1.07,0.86,1.0,1.0,1.0,1.0,1.24,1.1,1.08,320.0,11400.0,3.271167233,59.37070381821373,79.2838983941518,30.01272531722402,180.91925965023438,161.41792736434678
1.15,1.08,1.0,1.11,1.21,0.87,0.94,0.71,0.91,1.0,1.0,1.0,0.91,0.91,1.0,1150.0,6600.0,0.729893636,87.74750887842698,54.0017255468726,12.451053733337458,632.9006293574888,561.6465105137397
1.15,1.08,1.0,1.11,1.21,0.87,0.94,0.71,0.91,1.0,1.0,1.0,0.91,0.91,1.0,1150.0,6600.0,0.729893636,58.77802123954537,84.38606338122001,52.66861574176364,743.2175406762024,681.0822671204136
1.15,1.08,1.0,1.11,1.21,0.87,0.94,0.71,0.91,1.0,1.0,1.0,0.91,0.91,1.0,1150.0,6600.0,0.729893636,41.06405494362645,27.35542182316255,63.48276860703451,502.2864097248615,425.60051534163625
1.15,1.08,1.0,1.11,1.21,0.87,0.94,0.71,0.91,1.0,1.0,1.0,0.91,0.91,1.0,1150.0,6600.0,0.729893636,87.3305850535493,78.20727314469923,52.64513530112501,853.1615003844204,803.7073335224212
1.15,1.08,1.0,1.11,1.21,0.87,0.94,0.71,0.91,1.0,1.0,1.0,0.91,0.91,1.0,1150.0,6600.0,0.729893636,9.65407660245507,60.73555462682161,80.66078360945842,532.2261192864594,456.2216098977553
1.15,1.08,1.0,1.11,1.21,0.87,0.94,0.71,0.91,1.0,1.0,1.0,0.91,0.91,1.0,1150.0,6600.0,0.729893636,26.256378903021687,61.18583295174791,36.658125055737564,458.3409980797246,381.31762490013665
1.4,1.08,1.3,1.11,1.21,1.15,1.07,0.71,0.82,1.08,1.1,1.07,1.24,1.0,1.08,299.0,6400.0,3.219607799,12.711234406367161,67.66374659991664,72.41318437847397,140.8516434376315,121.16580295983486
1.4,1.08,1.3,1.11,1.21,1.15,1.07,0.71,0.82,1.08,1.1,1.07,1.24,1.0,1.08,299.0,6400.0,3.219607799,78.22124924410318,56.11766900206169,31.94940227670254,172.5487770329989,154.5823925976371
1.4,1.08,1.3,1.11,1.21,1.15,1.07,0.71,0.82,1.08,1.1,1.07,1.24,1.0,1.08,299.0,6400.0,3.219607799,67.94654523153542,77.48225967050529,55.51345200672846,200.56122147139507,185.16637370972055
1.4,1.08,1.3,1.11,1.21,1.15,1.07,0.71,0.82,1.08,1.1,1.07,1.24,1.0,1.08,299.0,6400.0,3.219607799,63.534840468794684,83.85807055830482,35.31910330203319,182.88959415340167,165.76489304514462
1.4,1.08,1.3,1.11,1.21,1.15,1.07,0.71,0.82,1.08,1.1,1.07,1.24,1.0,1.08,299.0,6400.0,3.219607799,22.235345581344134,85.86159232675854,12.015236731609999,114.38898898064417,94.39018301842304
1.4,1.08,1.3,1.11,1.21,1.15,1.07,0.71,0.82,1.08,1.1,1.07,1.24,1.0,1.08,299.0,6400.0,3.219607799,88.01420008888746,50.078256268234576,68.08069238617159,211.25356024931173,197.0745785736209
1.0,1.16,1.15,1.06,1.14,0.87,0.87,0.86,1.0,1.0,1.0,1.0,0.91,0.91,1.0,252.0,2455.0,0.868932993,66.4086863783404,83.97234189867218,14.868464712264847,141.66360566723554,126.24955079116934
1.0,1.16,1.15,1.06,1.14,0.87,0.87,0.86,1.0,1.0,1.0,1.0,0.91,0.91,1.0,252.0,2455.0,0.868932993,71.04918771799383,10.100919231874359,82.43508506649495,141.574800469305,126.15458570808104
1.0,1.16,1.15,1.06,1.14,0.87,0.87,0.86,1.0,1.0,1.0,1.0,0.91,0.91,1.0,252.0,2455.0,0.868932993,36.38270143124906,35.15585653669344,93.2415832661479,133.74222753364708,117.82627679578307
1.0,1.16,1.15,1.06,1.14,0.87,0.87,0.86,1.0,1.0,1.0,1.0,0.91,0.91,1.0,252.0,2455.0,0.868932993,59.234145120213384,58.62471944208493,74.28870879417059,160.19057002778425,146.31344228957423
1.0,1.16,1.15,1.06,1.14,0.87,0.87,0.86,1.0,1.0,1.0,1.0,0.91,0.91,1.0,252.0,2455.0,0.868932993,39.550512155076014,37.457224363120964,10.13610744581553,75.84747509987261,59.655329044420114
1.0,1.16,1.15,1.06,1.14,0.87,0.87,0.86,1.0,1.0,1.0,1.0,0.91,0.91,1.0,252.0,2455.0,0.868932993,35.891895951847204,82.0713000493438,79.4669562047968,158.30195284759228,144.24588041272364
1.15,1.0,1.0,1.27,1.06,1.0,1.0,0.86,0.82,0.86,0.9,1.0,0.91,1.0,1.23,118.0,724.0,0.945817172,66.79561037824159,64.50630137579964,31.471998304269835,65.50384618527463,58.22959372031697
1.15,1.0,1.0,1.27,1.06,1.0,1.0,0.86,0.82,0.86,0.9,1.0,0.91,1.0,1.23,118.0,724.0,0.945817172,42.95191579100219,44.93391565442276,74.87979350846064,62.68735729701376,55.238204382665295
1.15,1.0,1.0,1.27,1.06,1.0,1.0,0.86,0.82,0.86,0.9,1.0,0.91,1.0,1.23,118.0,724.0,0.945817172,74.9202250237043,53.49702072818192,88.32079860074576,85.56585425362883,80.23875605256352
1.15,1.0,1.0,1.27,1.06,1.0,1.0,0.86,0.82,0.86,0.9,1.0,0.91,1.0,1.23,118.0,724.0,0.945817172,61.20411258045733,83.96750181017792,81.54927656426734,87.48128068252949,82.39896511974315
1.15,1.0,1.0,1.27,1.06,1.0,1.0,0.86,0.82,0.86,0.9,1.0,0.91,1.0,1.23,118.0,724.0,0.945817172,63.51774922176242,60.751760505416705,22.506441423623954,59.45378111555225,51.83689437567056
1.15,1.0,1.0,1.27,1.06,1.0,1.0,0.86,0.82,0.86,0.9,1.0,0.91,1.0,1.23,118.0,724.0,0.945817172,17.66367634728551,66.50375346046921,51.00505032442233,49.93537177577037,42.044921277364196
1.15,1.0,1.0,1.08,1.06,1.0,1.0,0.86,0.82,0.86,0.9,1.0,1.0,1.0,1.23,77.0,539.0,0.883864797,67.11542024571602,43.158069474894994,25.364416871598902,36.50024378172063,31.43813489270201
1.15,1.0,1.0,1.08,1.06,1.0,1.0,0.86,0.82,0.86,0.9,1.0,1.0,1.0,1.23,77.0,539.0,0.883864797,19.03940529483277,32.77193226844352,67.01646215459122,28.91525594252952,23.77137503920798
1.15,1.0,1.0,1.08,1.06,1.0,1.0,0.86,0.82,0.86,0.9,1.0,1.0,1.0,1.23,77.0,539.0,0.883864797,47.12532677620337,36.31565351821549,51.91632365093313,34.89618737314397,29.78759436415894
1.15,1.0,1.0,1.08,1.06,1.0,1.0,0.86,0.82,0.86,0.9,1.0,1.0,1.0,1.23,77.0,539.0,0.883864797,65.17710972919673,19.170117487371634,18.045365680722345,28.671326408422303,23.530935691361353
1.15,1.0,1.0,1.08,1.06,1.0,1.0,0.86,0.82,0.86,0.9,1.0,1.0,1.0,1.23,77.0,539.0,0.883864797,26.99047711364326,35.83044960598934,54.79954670898768,29.24859609976181,24.100601694295943
1.15,1.0,1.0,1.08,1.06,1.0,1.0,0.86,0.82,0.86,0.9,1.0,1.0,1.0,1.23,77.0,539.0,0.883864797,24.50471836217238,29.288315947781047,36.236364652337755,22.68365447417654,17.764683850359276
0.88,1.0,0.85,1.06,1.06,1.0,0.87,1.0,1.29,1.0,1.1,0.95,0.82,0.83,1.0,90.0,453.0,0.670857882,50.56522013467091,27.367570162768153,79.42318447079121,47.03698299954256,41.312249889299636
0.88,1.0,0.85,1.06,1.06,1.0,0.87,1.0,1.29,1.0,1.1,0.95,0.82,0.83,1.0,90.0,453.0,0.670857882,64.38842458974074,87.75082197614269,81.82602872772846,68.96558254235188,65.38985719257288
0.88,1.0,0.85,1.06,1.06,1.0,0.87,1.0,1.29,1.0,1.1,0.95,0.82,0.83,1.0,90.0,453.0,0.670857882,51.2458915563374,65.87453209624815,15.74294353121698,40.48523937969705,34.50702765500535
0.88,1.0,0.85,1.06,1.06,1.0,0.87,1.0,1.29,1.0,1.1,0.95,0.82,0.83,1.0,90.0,453.0,0.670857882,37.331380412069926,64.44373415808633,30.360765610208023,39.03651188578465,33.03061829335309
0.88,1.0,0.85,1.06,1.06,1.0,0.87,1.0,1.29,1.0,1.1,0.95,0.82,0.83,1.0,90.0,453.0,0.670857882,85.62880025092338,75.57862743969702,49.50294083250228,64.59839152382622,60.45295623645155
0.88,1.0,0.85,1.06,1.06,1.0,0.87,1.0,1.29,1.0,1.1,0.95,0.82,0.83,1.0,90.0,453.0,0.670857882,5.296102426469949,22.217664964363006,39.9668589174141,18.696418321609002,13.654053431375198
1.15,1.16,1.3,1.15,1.06,1.0,0.87,0.86,1.0,0.86,1.1,1.0,0.82,0.91,1.08,38.0,523.0,1.205842893,23.149303286209115,56.779996382927735,15.41730225361147,11.749186144069256,9.29078953358058
1.15,1.16,1.3,1.15,1.06,1.0,0.87,0.86,1.0,0.86,1.1,1.0,0.82,0.91,1.08,38.0,523.0,1.205842893,41.27564353039249,20.772762854661213,17.173932555544813,10.599821093383145,8.21110343395756
1.15,1.16,1.3,1.15,1.06,1.0,0.87,0.86,1.0,0.86,1.1,1.0,0.82,0.91,1.08,38.0,523.0,1.205842893,34.702435449271235,45.06833727140955,75.22860191316245,18.988621255330436,16.528574487527884
1.15,1.16,1.3,1.15,1.06,1.0,0.87,0.86,1.0,0.86,1.1,1.0,0.82,0.91,1.08,38.0,523.0,1.205842893,66.345053542745,29.61515524888343,51.882021919727705,19.37512633571891,16.933110103756157
1.15,1.16,1.3,1.15,1.06,1.0,0.87,0.86,1.0,0.86,1.1,1.0,0.82,0.91,1.08,38.0,523.0,1.205842893,14.684692829354738,48.14976187255482,78.36391398155256,16.654632357430163,14.12164666966116
1.15,1.16,1.3,1.15,1.06,1.0,0.87,0.86,1.0,0.86,1.1,1.0,0.82,0.91,1.08,38.0,523.0,1.205842893,79.961065554378,45.04556053979854,71.49004800657153,25.439141338551643,23.477195614831956
0.94,1.0,0.85,1.07,1.06,1.15,1.07,0.86,1.0,0.86,1.1,1.0,0.91,1.1,1.08,48.0,387.0,0.980766133,43.15707785354433,22.86700274404663,21.180387366004325,14.62898312372785,11.534764156023538
0.94,1.0,0.85,1.07,1.06,1.15,1.07,0.86,1.0,0.86,1.1,1.0,0.91,1.1,1.08,48.0,387.0,0.980766133,5.646309119003211,27.35090797992762,48.01276193423933,11.936459818488656,9.036544696342602
0.94,1.0,0.85,1.07,1.06,1.15,1.07,0.86,1.0,0.86,1.1,1.0,0.91,1.1,1.08,48.0,387.0,0.980766133,9.06630052184202,31.751985486245673,21.096897567239147,9.350968859895481,6.741859310627621
0.94,1.0,0.85,1.07,1.06,1.15,1.07,0.86,1.0,0.86,1.1,1.0,0.91,1.1,1.08,48.0,387.0,0.980766133,27.664017901044033,86.61769312251701,58.389808691912854,26.192571698278353,23.204142411158664
0.94,1.0,0.85,1.07,1.06,1.15,1.07,0.86,1.0,0.86,1.1,1.0,0.91,1.1,1.08,48.0,387.0,0.980766133,15.947393154058965,66.48549619701379,40.27000346341229,18.434691436680676,15.223510102472677
0.94,1.0,0.85,1.07,1.06,1.15,1.07,0.86,1.0,0.86,1.1,1.0,0.91,1.1,1.08,48.0,387.0,0.980766133,53.60326066035917,27.286333130361157,26.208664609035274,17.99510572126205,14.788939609134655
1.15,0.94,1.15,1.35,1.21,1.0,0.87,1.0,1.0,1.0,1.0,1.0,0.82,1.1,1.08,9.4,88.0,1.721044972,37.55952935109437,58.22249030599329,90.169097371888,5.596881076117401,5.045564055522198
1.15,0.94,1.15,1.35,1.21,1.0,0.87,1.0,1.0,1.0,1.0,1.0,0.82,1.1,1.08,9.4,88.0,1.721044972,40.14691429683946,51.400778362545495,41.19978854855306,4.1208599644541435,3.494297336024846
1.15,0.94,1.15,1.35,1.21,1.0,0.87,1.0,1.0,1.0,1.0,1.0,0.82,1.1,1.08,9.4,88.0,1.721044972,48.06142601528273,89.22490979847346,42.4884797093414,5.52142720229501,4.9640488877749265
1.15,0.94,1.15,1.35,1.21,1.0,0.87,1.0,1.0,1.0,1.0,1.0,0.82,1.1,1.08,9.4,88.0,1.721044972,26.11778876485652,68.09659613768315,41.346472520026275,4.06832339370601,3.440907444314367
1.15,0.94,1.15,1.35,1.21,1.0,0.87,1.0,1.0,1.0,1.0,1.0,0.82,1.1,1.08,9.4,88.0,1.721044972,52.70308905718873,28.9029917570116,88.79093134453477,5.300604780013904,4.726775087672789
1.15,0.94,1.15,1.35,1.21,1.0,0.87,1.0,1.0,1.0,1.0,1.0,0.82,1.1,1.08,9.4,88.0,1.721044972,80.6263674063738,59.533806523164955,53.91853143493115,6.2309073448979655,5.738996781196581
1.15,1.08,1.3,1.11,1.21,1.15,1.07,0.86,1.0,0.86,1.1,1.07,1.1,1.1,1.0,13.0,98.0,2.810694546,65.1466528511413,12.41255914743098,10.460161278566657,4.279662044873255,3.426910006834245
1.15,1.08,1.3,1.11,1.21,1.15,1.07,0.86,1.0,0.86,1.1,1.07,1.1,1.1,1.0,13.0,98.0,2.810694546,22.57106249921534,17.68482122443304,12.899106914768527,2.366468447388059,1.6831863150380177
1.15,1.08,1.3,1.11,1.21,1.15,1.07,0.86,1.0,0.86,1.1,1.07,1.1,1.1,1.0,13.0,98.0,2.810694546,53.259348646236056,22.685062588971824,93.70663912514539,7.308762496454846,6.513642951478643
1.15,1.08,1.3,1.11,1.21,1.15,1.07,0.86,1.0,0.86,1.1,1.07,1.1,1.1,1.0,13.0,98.0,2.810694546,38.15454731230515,89.56271354120524,79.59316481246414,8.581115716032974,7.897030942462253
1.15,1.08,1.3,1.11,1.21,1.15,1.07,0.86,1.0,0.86,1.1,1.07,1.1,1.1,1.0,13.0,98.0,2.810694546,51.86941003841962,54.12140568149012,42.594152373098254,6.469116086126767,5.626330799995773
1.15,1.08,1.3,1.11,1.21,1.15,1.07,0.86,1.0,0.86,1.1,1.07,1.1,1.1,1.0,13.0,98.0,2.810694546,14.349191665836313,38.86743969171704,13.5886915110726,2.791947083532284,2.0525793190822634
0.88,1.0,1.0,1.0,1.0,1.0,1.0,1.1,1.29,0.86,1.0,1.0,0.91,0.91,1.23,2.14,7.3,1.093833991,18.651880249293264,83.13247460229127,37.92441627700414,0.9368453343790268,0.7941795928165993
0.88,1.0,1.0,1.0,1.0,1.0,1.0,1.1,1.29,0.86,1.0,1.0,0.91,0.91,1.23,2.14,7.3,1.093833991,73.551251180603,62.84873977575173,46.88739774696099,1.3341047130017774,1.2137944501225557
0.88,1.0,1.0,1.0,1.0,1.0,1.0,1.1,1.29,0.86,1.0,1.0,0.91,0.91,1.23,2.14,7.3,1.093833991,35.68669108101555,79.40348227001532,68.17851561705663,1.2529545020884951,1.1257439107001483
0.88,1.0,1.0,1.0,1.0,1.0,1.0,1.1,1.29,0.86,1.0,1.0,0.91,0.91,1.23,2.14,7.3,1.093833991,13.60937690507925,52.01922284165232,31.813563902080105,0.6547027572022405,0.5166188510461321
0.88,1.0,1.0,1.0,1.0,1.0,1.0,1.1,1.29,0.86,1.0,1.0,0.91,0.91,1.23,2.14,7.3,1.093833991,30.483022165688443,37.27520623600185,24.271452120098836,0.6560642163844596,0.5179082942072858
0.88,1.0,1.0,1.0,1.0,1.0,1.0,1.1,1.29,0.86,1.0,1.0,0.91,0.91,1.23,2.14,7.3,1.093833991,34.24498194824679,23.760024105161477,21.578053858203944,0.5842075060017986,0.4506068655089063
0.88,1.0,1.0,1.0,1.0,1.0,1.0,1.0,1.29,0.86,1.0,1.0,0.91,0.91,1.23,1.98,5.9,0.994394537,59.65319304470663,33.405259741170624,70.39821394270965,1.0890459225963254,0.9663231722693106
0.88,1.0,1.0,1.0,1.0,1.0,1.0,1.0,1.29,0.86,1.0,1.0,0.91,0.91,1.23,1.98,5.9,0.994394537,68.3754580653172,62.13959002853699,21.342302598622055,1.037416070082637,0.9116130368144153
0.88,1.0,1.0,1.0,1.0,1.0,1.0,1.0,1.29,0.86,1.0,1.0,0.91,0.91,1.23,1.98,5.9,0.994394537,10.67496580413051,32.6304595291931,18.61994813484107,0.3889731506930766,0.28091214216780025
0.88,1.0,1.0,1.0,1.0,1.0,1.0,1.0,1.29,0.86,1.0,1.0,0.91,0.91,1.23,1.98,5.9,0.994394537,74.34075335401833,30.29406286166016,77.57766010147323,1.2295368009648375,1.1177811986031545
0.88,1.0,1.0,1.0,1.0,1.0,1.0,1.0,1.29,0.86,1.0,1.0,0.91,0.91,1.23,1.98,5.9,0.994394537,25.512754699401558,35.678234752385706,77.40143720589941,0.8737542686514739,0.7418808049477524
0.88,1.0,1.0,1.0,1.0,1.0,1.0,1.0,1.29,0.86,1.0,1.0,0.91,0.91,1.23,1.98,5.9,0.994394537,48.94103805784232,44.92263814155429,46.57444723491335,0.931105708554329,0.8006924789073239
1.4,1.08,1.0,1.48,1.56,1.15,1.07,0.86,0.82,0.86,1.1,1.07,1.0,1.0,1.0,62.0,1063.0,3.066245619,18.598583901451764,31.146716916688995,38.48481404809003,17.563913567008935,13.647943364044508
1.4,1.08,1.0,1.48,1.56,1.15,1.07,0.86,0.82,0.86,1.1,1.07,1.0,1.0,1.0,62.0,1063.0,3.066245619,31.36126921969115,59.75647294045964,48.96026597399191,27.99890820457139,23.88311545742985
1.4,1.08,1.0,1.48,1.56,1.15,1.07,0.86,0.82,0.86,1.1,1.07,1.0,1.0,1.0,62.0,1063.0,3.066245619,53.61067768023807,36.1673370831032,61.779489143623564,31.51355774287022,27.524445919230768
1.4,1.08,1.0,1.48,1.56,1.15,1.07,0.86,0.82,0.86,1.1,1.07,1.0,1.0,1.0,62.0,1063.0,3.066245619,86.73361239348432,57.91367689479503,45.41735371754442,40.72950756747925,37.44662256420043
1.4,1.08,1.0,1.48,1.56,1.15,1.07,0.86,0.82,0.86,1.1,1.07,1.0,1.0,1.0,62.0,1063.0,3.066245619,73.16244741666061,49.55369252319435,66.75340847746003,39.77740774545354,36.39866327776715
1.4,1.08,1.0,1.48,1.56,1.15,1.07,0.86,0.82,0.86,1.1,1.07,1.0,1.0,1.0,62.0,1063.0,3.066245619,46.826714173279775,48.35976704172757,40.424523328111036,28.126903123763363,24.014191133278903
0.88,1.08,0.85,1.0,1.0,1.0,1.0,0.71,0.82,1.0,1.0,1.0,1.1,1.1,1.0,390.0,702.0,0.569092582,87.06605449408623,89.90493771366249,38.43848315287825,285.9848474246272,268.78108724863523
0.88,1.08,0.85,1.0,1.0,1.0,1.0,0.71,0.82,1.0,1.0,1.0,1.1,1.1,1.0,390.0,702.0,0.569092582,69.75428498488576,54.93858116962214,34.698472348095684,213.69203719215164,189.46678501429292
0.88,1.08,0.85,1.0,1.0,1.0,1.0,0.71,0.82,1.0,1.0,1.0,1.1,1.1,1.0,390.0,702.0,0.569092582,34.12313196674687,71.60757437448183,77.48289442454818,227.6679343629902,204.43220795766123
0.88,1.08,0.85,1.0,1.0,1.0,1.0,0.71,0.82,1.0,1.0,1.0,1.1,1.1,1.0,390.0,702.0,0.569092582,41.61590941676158,16.497001123180077,72.32614650567938,168.84390141591365,142.81358887477174
0.88,1.08,0.85,1.0,1.0,1.0,1.0,0.71,0.82,1.0,1.0,1.0,1.1,1.1,1.0,390.0,702.0,0.569092582,18.00100566811894,74.77836949982587,78.93236450433542,207.92312762713428,183.34557707698787
0.88,1.08,0.85,1.0,1.0,1.0,1.0,0.71,0.82,1.0,1.0,1.0,1.1,1.1,1.0,390.0,702.0,0.569092582,44.79624263460202,29.34185781159636,13.931858553446606,120.5123866570794,95.28512400149137
1.4,1.08,1.3,1.48,1.56,1.15,0.94,0.86,0.82,0.86,0.9,1.0,0.91,0.91,1.0,42.0,605.0,2.217395696,27.223055046594027,21.572726847713355,54.31011325900182,14.134711101273908,11.368272248985734
1.4,1.08,1.3,1.48,1.56,1.15,0.94,0.86,0.82,0.86,0.9,1.0,0.91,0.91,1.0,42.0,605.0,2.217395696,57.28179686779556,32.80252396364597,47.59144005698631,19.75298134038932,16.98671209630566
1.4,1.08,1.3,1.48,1.56,1.15,0.94,0.86,0.82,0.86,0.9,1.0,0.91,0.91,1.0,42.0,605.0,2.217395696,13.823842925647822,25.67753551422569,54.79243462576343,12.46162184914746,9.773263856996625
1.4,1.08,1.3,1.48,1.56,1.15,0.94,0.86,0.82,0.86,0.9,1.0,0.91,0.91,1.0,42.0,605.0,2.217395696,28.185072722990974,18.356064210062062,79.39418413142627,17.051623508490014,14.238656860000686
1.4,1.08,1.3,1.48,1.56,1.15,0.94,0.86,0.82,0.86,0.9,1.0,0.91,0.91,1.0,42.0,605.0,2.217395696,41.61321613755017,57.23557474201585,53.10749318902996,20.8942468704202,18.171141402540197
1.4,1.08,1.3,1.48,1.56,1.15,0.94,0.86,0.82,0.86,0.9,1.0,0.91,0.91,1.0,42.0,605.0,2.217395696,26.975244778802434,14.751637590477884,27.869442455155838,9.902097208588659,7.41690582203512
1.15,1.08,1.0,1.06,1.0,1.0,0.87,1.0,1.0,1.0,1.0,1.0,0.91,1.1,1.23,23.0,230.0,1.41021686,16.60873070826416,50.355030666337484,43.81438324927465,8.02569278533754,6.501797968766065
1.15,1.08,1.0,1.06,1.0,1.0,0.87,1.0,1.0,1.0,1.0,1.0,0.91,1.1,1.23,23.0,230.0,1.41021686,67.54565188688406,18.376237476022332,68.73543010409944,12.224905036621733,10.773306751972816
1.15,1.08,1.0,1.06,1.0,1.0,0.87,1.0,1.0,1.0,1.0,1.0,0.91,1.1,1.23,23.0,230.0,1.41021686,86.49812891537272,70.46854121803503,28.038664121648143,14.754825028652428,13.501291353309492
1.15,1.08,1.0,1.06,1.0,1.0,0.87,1.0,1.0,1.0,1.0,1.0,0.91,1.1,1.23,23.0,230.0,1.41021686,15.28726719903899,16.297295925541746,62.84943094316563,6.867552736252396,5.392831321107935
1.15,1.08,1.0,1.06,1.0,1.0,0.87,1.0,1.0,1.0,1.0,1.0,0.91,1.1,1.23,23.0,230.0,1.41021686,20.968777401700684,78.54020780677378,81.12600814656514,12.946096421736847,11.540404662299162
1.15,1.08,1.0,1.06,1.0,1.0,0.87,1.0,1.0,1.0,1.0,1.0,0.91,1.1,1.23,23.0,230.0,1.41021686,46.99557639138308,79.18235941700844,33.92701997335101,12.128140205942046,10.671058075999579
0.75,0.94,1.3,1.06,1.21,1.15,1.0,1.0,0.91,1.0,1.1,1.0,1.24,1.24,1.0,13.0,82.0,2.080649819,43.87934236743245,20.08065705715854,82.80610153290246,6.294309388118867,5.444387560656818
0.75,0.94,1.3,1.06,1.21,1.15,1.0,1.0,0.91,1.0,1.1,1.0,1.24,1.24,1.0,13.0,82.0,2.080649819,36.17273158403313,47.703522819452566,27.13821802266868,4.799809935212452,3.9326036499395016
0.75,0.94,1.3,1.06,1.21,1.15,1.0,1.0,0.91,1.0,1.1,1.0,1.24,1.24,1.0,13.0,82.0,2.080649819,39.4929101061602,12.562639894906011,92.30041371780653,6.14329041641612,5.288013867403445
0.75,0.94,1.3,1.06,1.21,1.15,1.0,1.0,0.91,1.0,1.1,1.0,1.24,1.24,1.0,13.0,82.0,2.080649819,19.173050966386718,22.045430834281305,41.842398143948216,3.4886239804030605,2.6816143664845016
0.75,0.94,1.3,1.06,1.21,1.15,1.0,1.0,0.91,1.0,1.1,1.0,1.24,1.24,1.0,13.0,82.0,2.080649819,30.234815717775795,27.801696909140112,93.46970893841183,6.301795245378867,5.452158533048596
0.75,0.94,1.3,1.06,1.21,1.15,1.0,1.0,0.91,1.0,1.1,1.0,1.24,1.24,1.0,13.0,82.0,2.080649819,74.34870080474862,61.796515806407,42.45641808614567,7.931996863656482,7.185721318819161
0.88,1.05,0.81,1.0,1.0,0.87,0.87,1.19,1.0,1.17,0.9,0.95,1.0,0.91,1.04,15.0,55.0,0.638218171,7.772907574526631,18.226904787602905,86.15917009504373,5.163747824190696,4.17195656420255
0.88,1.05,0.81,1.0,1.0,0.87,0.87,1.19,1.0,1.17,0.9,0.95,1.0,0.91,1.04,15.0,55.0,0.638218171,67.2167096847258,73.03136143027773,40.87628438072254,9.15884664257856,8.298329834797473
0.88,1.05,0.81,1.0,1.0,0.87,0.87,1.19,1.0,1.17,0.9,0.95,1.0,0.91,1.04,15.0,55.0,0.638218171,84.5356644737034,36.14145405216861,55.6745838485467,9.203861573954393,8.347296537940107
0.88,1.05,0.81,1.0,1.0,0.87,0.87,1.19,1.0,1.17,0.9,0.95,1.0,0.91,1.04,15.0,55.0,0.638218171,12.10282169101387,51.68975514453042,84.52414603328499,6.855794854462525,5.862071681295246
0.88,1.05,0.81,1.0,1.0,0.87,0.87,1.19,1.0,1.17,0.9,0.95,1.0,0.91,1.04,15.0,55.0,0.638218171,81.60754776733037,75.96253849865344,71.02605008673774,11.510939352382428,10.917285483116098
0.88,1.05,0.81,1.0,1.0,0.87,0.87,1.19,1.0,1.17,0.9,0.95,1.0,0.91,1.04,15.0,55.0,0.638218171,35.12274428354518,30.438077069027287,67.30371432341073,6.505745269672421,5.504757777505038
0.88,0.94,0.7,1.0,1.06,1.0,1.0,0.86,0.82,0.86,1.0,1.0,1.0,1.0,1.0,60.0,47.0,0.37224184,9.321613498077875,74.6173286488164,65.27522537633212,27.417846964065426,23.442815391376367
0.88,0.94,0.7,1.0,1.06,1.0,1.0,0.86,0.82,0.86,1.0,1.0,1.0,1.0,1.0,60.0,47.0,0.37224184,73.06766903228099,33.91998236158998,89.19674270847968,39.697251080359976,36.54956991666136
0.88,0.94,0.7,1.0,1.06,1.0,1.0,0.86,0.82,0.86,1.0,1.0,1.0,1.0,1.0,60.0,47.0,0.37224184,17.032216103337824,84.75707414607038,73.27914894123813,32.534252020516604,28.78582903873959
0.88,0.94,0.7,1.0,1.06,1.0,1.0,0.86,0.82,0.86,1.0,1.0,1.0,1.0,1.0,60.0,47.0,0.37224184,80.31957644198938,70.21249661193112,70.31813009809291,44.572211153881774,41.9997557757431
0.88,0.94,0.7,1.0,1.06,1.0,1.0,0.86,0.82,0.86,1.0,1.0,1.0,1.0,1.0,60.0,47.0,0.37224184,43.42513985371536,79.71450431551588,70.9967618376602,37.55006147246338,34.190270179146474
0.88,0.94,0.7,1.0,1.06,1.0,1.0,0.86,0.82,0.86,1.0,1.0,1.0,1.0,1.0,60.0,47.0,0.37224184,44.86118540412221,42.10795841863485,21.999104448212048,22.305955813021768,18.300997217184356
1.0,1.0,1.15,1.0,1.0,0.87,0.87,0.71,0.91,1.0,0.9,0.95,0.82,0.91,1.0,15.0,12.0,0.358804141,81.3268528076092,35.379471571554376,17.89769454333583,7.277083643626612,6.296954979926743
1.0,1.0,1.15,1.0,1.0,0.87,0.87,0.71,0.91,1.0,0.9,0.95,0.82,0.91,1.0,15.0,12.0,0.358804141,57.56886447930121,54.03088477243016,11.505418024152208,6.40326549460428,5.400867950923446
1.0,1.0,1.15,1.0,1.0,0.87,0.87,0.71,0.91,1.0,0.9,0.95,0.82,0.91,1.0,15.0,12.0,0.358804141,8.863681511536008,28.534725724201316,14.956842034403698,2.488941439829386,1.7377982778053132
1.0,1.0,1.15,1.0,1.0,0.87,0.87,0.71,0.91,1.0,0.9,0.95,0.82,0.91,1.0,15.0,12.0,0.358804141,36.79011087846773,41.297126646854416,92.29336248573459,8.21897866367457,7.287241659261061
1.0,1.0,1.15,1.0,1.0,0.87,0.87,0.71,0.91,1.0,0.9,0.95,0.82,0.91,1.0,15.0,12.0,0.358804141,39.51339168858662,35.2004824771694,93.23745906640366,8.150510870775985,7.2144552746194845
1.0,1.0,1.15,1.0,1.0,0.87,0.87,0.71,0.91,1.0,0.9,0.95,0.82,0.91,1.0,15.0,12.0,0.358804141,21.134323562352996,56.46884265382327,40.53901101074352,5.633412828646685,4.6313504224453235
1.0,1.0,1.15,1.0,1.0,0.87,1.0,0.71,0.82,0.7,1.0,0.95,0.91,1.1,1.0,6.2,8.0,0.387743938,19.354767744625534,60.478426736443886,78.29969897005137,3.0612713782075254,2.658299192275411
1.0,1.0,1.15,1.0,1.0,0.87,1.0,0.71,0.82,0.7,1.0,0.95,0.91,1.1,1.0,6.2,8.0,0.387743938,74.08972064555866,67.55127008363057,86.18254740136378,4.696874077230749,4.443164192453244
1.0,1.0,1.15,1.0,1.0,0.87,1.0,0.71,0.82,0.7,1.0,0.95,0.91,1.1,1.0,6.2,8.0,0.387743938,76.01740111265396,79.43909745284606,62.825218577741445,4.531347825762746,4.255930643837616
1.0,1.0,1.15,1.0,1.0,0.87,1.0,0.71,0.82,0.7,1.0,0.95,0.91,1.1,1.0,6.2,8.0,0.387743938,89.42184192938522,66.92813075524414,88.70741961496945,5.112482916734727,4.919034923295517
1.0,1.0,1.15,1.0,1.0,0.87,1.0,0.71,0.82,0.7,1.0,0.95,0.91,1.1,1.0,6.2,8.0,0.387743938,66.90577894110979,81.71742178567878,47.02210595432298,4.053818533703556,3.723564034007633
1.0,1.0,1.15,1.0,1.0,0.87,1.0,0.71,0.82,0.7,1.0,0.95,0.91,1.1,1.0,6.2,8.0,0.387743938,81.75510637346525,55.04156617747019,48.72048713988177,3.9575008297646845,3.6176527666207052
1.0,0.94,1.3,1.0,1.0,1.0,0.87,0.86,0.82,1.17,1.0,1.0,1.1,1.0,1.0,3.0,8.0,0.964897784,61.39765857153193,87.20061563220018,15.692987480324854,1.6628143308711085,1.4777067584110612
1.0,0.94,1.3,1.0,1.0,1.0,0.87,0.86,0.82,1.17,1.0,1.0,1.1,1.0,1.0,3.0,8.0,0.964897784,71.39487863968918,40.6783967746647,20.16208703728787,1.404302897983843,1.2065038151416927
1.0,0.94,1.3,1.0,1.0,1.0,0.87,0.86,0.82,1.17,1.0,1.0,1.1,1.0,1.0,3.0,8.0,0.964897784,31.117308780641814,19.92353139236366,30.246372317457624,0.8249368387560932,0.6372070714417405
1.0,0.94,1.3,1.0,1.0,1.0,0.87,0.86,0.82,1.17,1.0,1.0,1.1,1.0,1.0,3.0,8.0,0.964897784,75.51199669816552,75.04821448161897,24.74669236048267,1.804298121956901,1.629842752228144
1.0,0.94,1.3,1.0,1.0,1.0,0.87,0.86,0.82,1.17,1.0,1.0,1.1,1.0,1.0,3.0,8.0,0.964897784,65.80719705964847,17.108987847410894,43.082842291383955,1.3314128359649353,1.131751390063441
1.0,0.94,1.3,1.0,1.0,1.0,0.87,0.86,0.82,1.17,1.0,1.0,1.1,1.0,1.0,3.0,8.0,0.964897784,60.37709452514405,67.80040988281871,13.484327566165735,1.4560877713425884,1.260087822377563
0.88,0.94,1.0,1.0,1.0,0.87,0.87,1.0,0.82,0.7,0.9,0.95,0.91,0.91,1.0,5.3,6.0,0.254454317,72.11516701192232,30.552735434311636,26.28582214686886,2.432574606193523,2.0817291742430446
0.88,0.94,1.0,1.0,1.0,0.87,0.87,1.0,0.82,0.7,0.9,0.95,0.91,0.91,1.0,5.3,6.0,0.254454317,27.91044814967516,68.29854971536015,37.194040279790556,2.2690336816960097,1.9149346483503245
0.88,0.94,1.0,1.0,1.0,0.87,0.87,1.0,0.82,0.7,0.9,0.95,0.91,0.91,1.0,5.3,6.0,0.254454317,27.405952334494874,30.557456148488367,49.8663248561376,1.8597443074648445,1.5083034058973546
0.88,0.94,1.0,1.0,1.0,0.87,0.87,1.0,0.82,0.7,0.9,0.95,0.91,0.91,1.0,5.3,6.0,0.254454317,86.42448520449835,26.38402292198693,36.59640329037339,2.833587863111894,2.500050875051674
0.88,0.94,1.0,1.0,1.0,0.87,0.87,1.0,0.82,0.7,0.9,0.95,0.91,0.91,1.0,5.3,6.0,0.254454317,75.81649880966764,11.162148603340745,84.60611367385337,3.13002514497234,2.8170997028957196
0.88,0.94,1.0,1.0,1.0,0.87,0.87,1.0,0.82,0.7,0.9,0.95,0.91,0.91,1.0,5.3,6.0,0.254454317,33.26655272969611,78.22742275425108,23.945837315542292,2.329805752979272,1.9766441072678935
0.88,1.04,1.07,1.0,1.06,0.87,1.07,0.86,1.0,0.93,0.9,0.95,0.95,0.95,1.04,45.5,45.0,0.620207122,23.31177289670857,52.942670292983316,55.75470703614857,19.079934672627463,16.03577598835784
0.88,1.04,1.07,1.0,1.06,0.87,1.07,0.86,1.0,0.93,0.9,0.95,0.95,0.95,1.04,45.5,45.0,0.620207122,71.91065917631181,87.8383454659138,84.46741309887929,36.60747601418301,35.04947074918449
0.88,1.04,1.07,1.0,1.06,0.87,1.07,0.86,1.0,0.93,0.9,0.95,0.95,0.95,1.04,45.5,45.0,0.620207122,5.030654028971631,50.74161896633469,73.07326803556927,17.816311109032725,14.76995138957777
0.88,1.04,1.07,1.0,1.06,0.87,1.07,0.86,1.0,0.93,0.9,0.95,0.95,0.95,1.04,45.5,45.0,0.620207122,23.264716061163686,83.19842831885907,89.81508897608285,27.850523433891368,25.246300949726717
0.88,1.04,1.07,1.0,1.06,0.87,1.07,0.86,1.0,0.93,0.9,0.95,0.95,0.95,1.04,45.5,45.0,0.620207122,71.71030994037834,17.960239464975906,62.57275458540103,24.044030097025306,21.164423158844468
0.88,1.04,1.07,1.0,1.06,0.87,1.07,0.86,1.0,0.93,0.9,0.95,0.95,0.95,1.04,45.5,45.0,0.620207122,76.86298871543215,80.08400123073811,23.441764407473293,28.120330955824507,25.540078861122037
1.0,1.04,1.07,1.0,1.21,0.87,1.07,0.86,1.0,1.0,0.9,0.95,1.0,1.0,1.04,28.6,83.0,0.958524952,82.2631234135143,20.586452777084183,26.39812841986657,13.44217838520441,11.558204619691043
1.0,1.04,1.07,1.0,1.21,0.87,1.07,0.86,1.0,1.0,0.9,0.95,1.0,1.0,1.04,28.6,83.0,0.958524952,11.015728404463514,50.67003298729006,67.39470864005023,11.390154161096422,9.474631240539095
1.0,1.04,1.07,1.0,1.21,0.87,1.07,0.86,1.0,1.0,0.9,0.95,1.0,1.0,1.04,28.6,83.0,0.958524952,51.52681118329856,41.53765913359433,72.24504056515539,15.657222833522082,13.8798404012845
1.0,1.04,1.07,1.0,1.21,0.87,1.07,0.86,1.0,1.0,0.9,0.95,1.0,1.0,1.04,28.6,83.0,0.958524952,62.86182669606095,53.866767185038015,77.4399337221347,18.45750791186479,16.909644187740696
1.0,1.04,1.07,1.0,1.21,0.87,1.07,0.86,1.0,1.0,0.9,0.95,1.0,1.0,1.04,28.6,83.0,0.958524952,60.95032551854688,67.83706349549003,59.07840276041204,17.862064244078162,16.257163362814953
1.0,1.04,1.07,1.0,1.21,0.87,1.07,0.86,1.0,1.0,0.9,0.95,1.0,1.0,1.04,28.6,83.0,0.958524952,12.692222549927205,13.27135185079312,91.27546532904958,10.422107173742177,8.516740900566427
0.88,1.04,1.07,1.06,1.21,0.87,1.07,1.0,1.0,1.0,0.9,0.95,1.1,1.0,1.04,30.6,87.0,1.143631724,11.083777389479229,51.86529223672467,92.94734443693385,14.65045439911411,12.643782856826506
0.88,1.04,1.07,1.06,1.21,0.87,1.07,1.0,1.0,1.0,0.9,0.95,1.1,1.0,1.04,30.6,87.0,1.143631724,68.91758425722499,25.182552227190264,27.33979122763718,13.2570634422375,11.214825391443133
0.88,1.04,1.07,1.06,1.21,0.87,1.07,1.0,1.0,1.0,0.9,0.95,1.1,1.0,1.04,30.6,87.0,1.143631724,52.87767798374633,43.069534125179445,71.09682187789286,16.95269926629259,15.064070661312508
0.88,1.04,1.07,1.06,1.21,0.87,1.07,1.0,1.0,1.0,0.9,0.95,1.1,1.0,1.04,30.6,87.0,1.143631724,61.02331529289487,89.25841054989002,15.551266786435495,17.090782171325014,15.211429937514456
0.88,1.04,1.07,1.06,1.21,0.87,1.07,1.0,1.0,1.0,0.9,0.95,1.1,1.0,1.04,30.6,87.0,1.143631724,69.28548760845614,74.32767694941194,84.20640308405096,23.033972230346926,21.761975719320006
0.88,1.04,1.07,1.06,1.21,0.87,1.07,1.0,1.0,1.0,0.9,0.95,1.1,1.0,1.04,30.6,87.0,1.143631724,43.84811520935747,16.078421265018783,71.23137984444655,13.382049043474273,11.34182273615212
0.88,1.04,1.07,1.0,1.06,0.87,1.07,1.0,1.0,1.0,0.9,0.95,1.0,0.95,1.04,35.0,106.0,0.816266069,44.49892785561807,22.386294926771946,84.02020440601105,17.402532329728743,15.132871009644333
0.88,1.04,1.07,1.0,1.06,0.87,1.07,1.0,1.0,1.0,0.9,0.95,1.0,0.95,1.04,35.0,106.0,0.816266069,8.38834648995875,57.850295842249395,84.98812360522574,16.17240255057911,13.858487760964277
0.88,1.04,1.07,1.0,1.06,0.87,1.07,1.0,1.0,1.0,0.9,0.95,1.0,0.95,1.04,35.0,106.0,0.816266069,48.5952815543994,23.010105941699663,90.57243244362957,18.729505948075484,16.52791143607479
0.88,1.04,1.07,1.0,1.06,0.87,1.07,1.0,1.0,1.0,0.9,0.95,1.0,0.95,1.04,35.0,106.0,0.816266069,56.69603907316081,49.144748124700925,50.09183684800266,18.35728689237639,16.13453990138389
0.88,1.04,1.07,1.0,1.06,0.87,1.07,1.0,1.0,1.0,0.9,0.95,1.0,0.95,1.04,35.0,106.0,0.816266069,83.47820744198017,21.14145357699668,33.13288241576626,17.385754321117332,15.115364939821918
0.88,1.04,1.07,1.0,1.06,0.87,1.07,1.0,1.0,1.0,0.9,0.95,1.0,0.95,1.04,35.0,106.0,0.816266069,49.20586109346731,17.40121063319971,88.74607610508293,18.0342856606051,15.794472448337135
0.88,1.04,1.07,1.0,1.06,0.87,1.07,1.0,1.0,0.86,0.9,0.95,1.0,1.0,1.04,73.0,126.0,0.7389356,22.44139278920559,23.974760083500193,62.126418722299974,25.409044852918267,20.574127923603793
0.88,1.04,1.07,1.0,1.06,0.87,1.07,1.0,1.0,0.86,0.9,0.95,1.0,1.0,1.04,73.0,126.0,0.7389356,85.47150822673389,23.385574290655153,89.73345565464638,49.730747960227326,46.05591525890131
0.88,1.04,1.07,1.0,1.06,0.87,1.07,1.0,1.0,0.86,0.9,0.95,1.0,1.0,1.04,73.0,126.0,0.7389356,83.07150240454101,62.81936173179521,43.6567581778772,47.57514896234423,43.67084709320765
0.88,1.04,1.07,1.0,1.06,0.87,1.07,1.0,1.0,0.86,0.9,0.95,1.0,1.0,1.04,73.0,126.0,0.7389356,84.14562755096105,74.22862043398905,18.406474236139793,44.85760897763885,40.694786376860776
0.88,1.04,1.07,1.0,1.06,0.87,1.07,1.0,1.0,0.86,0.9,0.95,1.0,1.0,1.04,73.0,126.0,0.7389356,24.71350113366129,57.257275911169685,91.87432799050441,39.876163585495725,35.3338914678253
0.88,1.04,1.07,1.0,1.06,0.87,1.07,1.0,1.0,0.86,0.9,0.95,1.0,1.0,1.04,73.0,126.0,0.7389356,19.131636775386315,65.94506802204002,90.45598630211164,39.83826883540201,35.29360148230925
0.75,0.94,1.3,1.0,1.0,0.87,0.87,0.71,0.82,0.7,1.1,1.07,1.1,1.0,1.04,23.0,36.0,0.380665662,29.81259055978457,17.336969841604713,65.82098371388793,8.480657126829172,6.946560761404333
0.75,0.94,1.3,1.0,1.0,0.87,0.87,0.71,0.82,0.7,1.1,1.07,1.1,1.0,1.04,23.0,36.0,0.380665662,7.831712848609189,76.4230077409429,77.68842800445773,11.35420664850469,9.859220640221054
0.75,0.94,1.3,1.0,1.0,0.87,0.87,0.71,0.82,0.7,1.1,1.07,1.1,1.0,1.04,23.0,36.0,0.380665662,28.738760566908212,61.93859513189062,85.79085950122554,12.837298341840569,11.42412099390778
0.75,0.94,1.3,1.0,1.0,0.87,0.87,0.71,0.82,0.7,1.1,1.07,1.1,1.0,1.04,23.0,36.0,0.380665662,37.93851940475812,54.60141831861329,49.299945836581706,10.659537911946202,9.139879858130689
0.75,0.94,1.3,1.0,1.0,0.87,0.87,0.71,0.82,0.7,1.1,1.07,1.1,1.0,1.04,23.0,36.0,0.380665662,55.83462226699578,22.95555736894375,31.328485625829373,8.882384215202956,7.343276797751263
0.75,0.94,1.3,1.0,1.0,0.87,0.87,0.71,0.82,0.7,1.1,1.07,1.1,1.0,1.04,23.0,36.0,0.380665662,69.32237291090178,59.47839562562717,34.25531501680281,12.84528434213063,11.43264977051621
0.88,0.94,0.85,1.0,1.0,0.87,1.0,1.19,0.91,1.17,0.9,0.95,1.1,1.0,1.04,464.0,1272.0,0.758080034,85.87981282728992,36.944372806984646,20.337502342729298,239.12930281585193,209.43813459207777
0.88,0.94,0.85,1.0,1.0,0.87,1.0,1.19,0.91,1.17,0.9,0.95,1.1,1.0,1.04,464.0,1272.0,0.758080034,66.27301216752971,12.098668104731498,39.11266023736904,194.28887963513912,163.24276288572386
0.88,0.94,0.85,1.0,1.0,0.87,1.0,1.19,0.91,1.17,0.9,0.95,1.1,1.0,1.04,464.0,1272.0,0.758080034,39.32307948006284,67.71873957649575,33.21897756841436,213.48893778071147,182.78765259109392
0.88,0.94,0.85,1.0,1.0,0.87,1.0,1.19,0.91,1.17,0.9,0.95,1.1,1.0,1.04,464.0,1272.0,0.758080034,22.513511561082655,51.3460305821405,75.13271197627485,217.84348709868354,187.27072863233252
0.88,0.94,0.85,1.0,1.0,0.87,1.0,1.19,0.91,1.17,0.9,0.95,1.1,1.0,1.04,464.0,1272.0,0.758080034,36.476255212519746,43.60057415040252,26.580353296543898,165.39178068058607,134.5591117253565
0.88,0.94,0.85,1.0,1.0,0.87,1.0,1.19,0.91,1.17,0.9,0.95,1.1,1.0,1.04,464.0,1272.0,0.758080034,85.10024186362719,88.64854712687581,71.57957359608267,380.9835929452503,366.2553115790781
1.0,1.0,0.85,1.0,1.0,1.0,0.87,0.71,1.0,0.7,1.1,1.0,0.82,0.91,1.0,91.0,156.0,0.301677206,19.485152131883474,83.59571051799023,85.10212522062417,53.14710453264732,47.72734241553662
1.0,1.0,0.85,1.0,1.0,1.0,0.87,0.71,1.0,0.7,1.1,1.0,0.82,0.91,1.0,91.0,156.0,0.301677206,9.545662391357487,86.68772315766635,94.74765834911973,53.00648026180672,47.57584188117022
1.0,1.0,0.85,1.0,1.0,1.0,0.87,0.71,1.0,0.7,1.1,1.0,0.82,0.91,1.0,91.0,156.0,0.301677206,85.84717460233918,74.9570802634376,63.12299777282014,68.94423285914982,65.22127039300345
1.0,1.0,0.85,1.0,1.0,1.0,0.87,0.71,1.0,0.7,1.1,1.0,0.82,0.91,1.0,91.0,156.0,0.301677206,9.649723182254988,82.9897496672738,63.07115678971992,43.38712670110011,37.41319431871564
1.0,1.0,0.85,1.0,1.0,1.0,0.87,0.71,1.0,0.7,1.1,1.0,0.82,0.91,1.0,91.0,156.0,0.301677206,50.503505536863415,74.57177172433063,30.374178607882264,47.03352045611241,41.217410709786755
1.0,1.0,0.85,1.0,1.0,1.0,0.87,0.71,1.0,0.7,1.1,1.0,0.82,0.91,1.0,91.0,156.0,0.301677206,44.47320869797945,35.111764122259615,53.7015977532416,40.43429575807636,34.37886872569141
1.15,1.0,1.0,1.3,1.21,1.0,0.87,0.86,1.0,0.86,1.1,1.0,1.0,1.0,1.0,24.0,176.0,1.280369745,12.172797492998932,21.424399136765473,76.90294860705976,8.248157596883313,6.661715663507005
1.15,1.0,1.0,1.3,1.21,1.0,0.87,0.86,1.0,0.86,1.1,1.0,1.0,1.0,1.0,24.0,176.0,1.280369745,28.202579022367352,40.77941599171428,23.61900827728831,7.344134133515452,5.795440773807672
1.15,1.0,1.0,1.3,1.21,1.0,0.87,0.86,1.0,0.86,1.1,1.0,1.0,1.0,1.0,24.0,176.0,1.280369745,47.22038310304709,17.999852462197097,45.975295029915934,9.13936739732466,7.534546455484848
1.15,1.0,1.0,1.3,1.21,1.0,0.87,0.86,1.0,0.86,1.1,1.0,1.0,1.0,1.0,24.0,176.0,1.280369745,24.045363941556953,30.156255545171796,80.58347718499459,10.281615694961447,8.67823471089336
1.15,1.0,1.0,1.3,1.21,1.0,0.87,0.86,1.0,0.86,1.1,1.0,1.0,1.0,1.0,24.0,176.0,1.280369745,27.36824502399448,53.63651515813709,34.56074538924328,8.977554281714855,7.3747516431327735
1.15,1.0,1.0,1.3,1.21,1.0,0.87,0.86,1.0,0.86,1.1,1.0,1.0,1.0,1.0,24.0,176.0,1.280369745,40.02916800535275,55.255485480635315,41.0544933444428,10.777118603919488,9.182500200376614
0.88,1.0,1.0,1.0,1.0,1.0,1.15,1.19,1.0,1.42,1.0,0.95,1.24,1.1,1.04,10.0,122.0,2.304555296,52.01006228067,18.932959070296995,53.15455923441994,4.2430280403683085,3.5744652737462164
0.88,1.0,1.0,1.0,1.0,1.0,1.15,1.19,1.0,1.42,1.0,0.95,1.24,1.1,1.04,10.0,122.0,2.304555296,45.72716081469725,73.87178407009414,44.6350210099685,5.3842905849897695,4.757230431600677
0.88,1.0,1.0,1.0,1.0,1.0,1.15,1.19,1.0,1.42,1.0,0.95,1.24,1.1,1.04,10.0,122.0,2.304555296,41.79246314904863,16.22217359355232,35.69099232946073,3.2290935036523365,2.575708701125486
0.88,1.0,1.0,1.0,1.0,1.0,1.15,1.19,1.0,1.42,1.0,0.95,1.24,1.1,1.04,10.0,122.0,2.304555296,33.13825151515401,15.171836502270182,93.96911861745266,4.599758714197845,3.938057572425882
0.88,1.0,1.0,1.0,1.0,1.0,1.15,1.19,1.0,1.42,1.0,0.95,1.24,1.1,1.04,10.0,122.0,2.304555296,61.003497044879644,78.5219311592961,91.59813728701134,7.543741935184409,7.130240649573474
0.88,1.0,1.0,1.0,1.0,1.0,1.15,1.19,1.0,1.42,1.0,0.95,1.24,1.1,1.04,10.0,122.0,2.304555296,16.483860593489155,85.953436365715,88.33402277081727,5.887978197835534,5.296139694933445
0.88,0.94,0.85,1.0,1.06,1.15,1.0,1.0,1.0,1.0,1.1,1.07,1.24,1.1,1.0,8.2,41.0,1.376017605,22.295660221044145,77.25265328066658,44.09348686473092,3.7164127028270264,3.1723854733263264
0.88,0.94,0.85,1.0,1.06,1.15,1.0,1.0,1.0,1.0,1.1,1.07,1.24,1.1,1.0,8.2,41.0,1.376017605,69.51884518083794,15.64706458076552,76.14806412683852,4.538378288138544,4.031977138456329
0.88,0.94,0.85,1.0,1.06,1.15,1.0,1.0,1.0,1.0,1.1,1.07,1.24,1.1,1.0,8.2,41.0,1.376017605,24.238551200766157,68.58562250888,44.38947373795475,3.5742118470572644,3.027286871731103
0.88,0.94,0.85,1.0,1.06,1.15,1.0,1.0,1.0,1.0,1.1,1.07,1.24,1.1,1.0,8.2,41.0,1.376017605,41.826074569506396,18.45045429540418,61.53942424074773,3.3396462578691466,2.7904727831976355
0.88,0.94,0.85,1.0,1.06,1.15,1.0,1.0,1.0,1.0,1.1,1.07,1.24,1.1,1.0,8.2,41.0,1.376017605,22.871417259723575,42.98525664718082,40.84624348957158,2.8124373894830423,2.27057925207039
0.88,0.94,0.85,1.0,1.06,1.15,1.0,1.0,1.0,1.0,1.1,1.07,1.24,1.1,1.0,8.2,41.0,1.376017605,37.9839494882194,83.70572503246167,26.752501138628716,3.963145907022419,3.4267727400988086
0.88,0.94,1.15,1.11,1.21,1.3,1.0,0.71,1.0,0.7,1.1,1.07,1.0,1.1,1.08,5.3,14.0,1.154275187,36.50609227743268,70.28404642695077,88.5709232106846,3.299723173519975,3.0013582303427957
0.88,0.94,1.15,1.11,1.21,1.3,1.0,0.71,1.0,0.7,1.1,1.07,1.0,1.1,1.08,5.3,14.0,1.154275187,37.97727848391832,89.01165201924228,16.447219505413223,2.481914361101091,2.132499688960652
0.88,0.94,1.15,1.11,1.21,1.3,1.0,0.71,1.0,0.7,1.1,1.07,1.0,1.1,1.08,5.3,14.0,1.154275187,13.438490546890195,75.02148635489348,30.467397593230128,1.9621692543692375,1.608527853976621
0.88,0.94,1.15,1.11,1.21,1.3,1.0,0.71,1.0,0.7,1.1,1.07,1.0,1.1,1.08,5.3,14.0,1.154275187,47.368554897647314,38.37485656277928,16.949530358913513,1.8838711158850385,1.5318147638337318
0.88,0.94,1.15,1.11,1.21,1.3,1.0,0.71,1.0,0.7,1.1,1.07,1.0,1.1,1.08,5.3,14.0,1.154275187,17.92040354310783,60.87317009150564,50.8913738777453,2.1569688042249755,1.8020111046335043
0.88,0.94,1.15,1.11,1.21,1.3,1.0,0.71,1.0,0.7,1.1,1.07,1.0,1.1,1.08,5.3,14.0,1.154275187,49.996703763608565,24.5690383286082,23.80702827471816,1.8291095787813905,1.4785380141134339
1.0,0.94,1.0,1.0,1.06,1.15,0.87,1.0,0.82,1.0,1.0,0.95,0.91,1.1,1.0,4.4,20.0,0.777360281,50.157192154820244,41.128882906811995,33.86788713899641,1.8727239465295074,1.5786213834936755
1.0,0.94,1.0,1.0,1.06,1.15,0.87,1.0,0.82,1.0,1.0,0.95,0.91,1.1,1.0,4.4,20.0,0.777360281,70.17952819155573,70.37775117625884,40.44402853052986,2.6980071883009926,2.44658995107993
1.0,0.94,1.0,1.0,1.06,1.15,0.87,1.0,0.82,1.0,1.0,0.95,0.91,1.1,1.0,4.4,20.0,0.777360281,75.82614394247119,37.86474982240431,30.652345898062755,2.2389657968976584,1.9559890345545141
1.0,0.94,1.0,1.0,1.06,1.15,0.87,1.0,0.82,1.0,1.0,0.95,0.91,1.1,1.0,4.4,20.0,0.777360281,21.872744258710508,71.23865841250677,57.75860500651871,2.0877241760844414,1.7985280239476578
1.0,0.94,1.0,1.0,1.06,1.15,0.87,1.0,0.82,1.0,1.0,0.95,0.91,1.1,1.0,4.4,20.0,0.777360281,55.44280738641732,70.87703674858622,92.76748778847035,3.1359011338900915,2.9305173657567636
1.0,0.94,1.0,1.0,1.06,1.15,0.87,1.0,0.82,1.0,1.0,0.95,0.91,1.1,1.0,4.4,20.0,0.777360281,75.1507241375726,65.0827540600352,45.60240416578058,2.7836968334020464,2.540129084500228
0.88,0.94,0.7,1.0,1.0,0.87,0.87,0.86,0.82,1.17,0.9,0.95,1.1,1.0,1.0,6.3,18.0,0.340097967,53.79540017564659,70.9850828349467,73.25356947250785,4.081754613037184,3.742382389410536
0.88,0.94,0.7,1.0,1.0,0.87,0.87,0.86,0.82,1.17,0.9,0.95,1.1,1.0,1.0,6.3,18.0,0.340097967,26.369927765951303,77.77321889451925,67.96872094260046,3.419044842623535,3.0256427397450496
0.88,0.94,0.7,1.0,1.0,0.87,0.87,0.86,0.82,1.17,0.9,0.95,1.1,1.0,1.0,6.3,18.0,0.340097967,73.99585456744624,69.99341715221631,47.859280699194926,4.092111524491318,3.75378023806492
0.88,0.94,0.7,1.0,1.0,0.87,0.87,0.86,0.82,1.17,0.9,0.95,1.1,1.0,1.0,6.3,18.0,0.340097967,43.93828441621684,46.706745275842884,47.55652368471388,2.888820550643187,2.4717046125515334
0.88,0.94,0.7,1.0,1.0,0.87,0.87,0.86,0.82,1.17,0.9,0.95,1.1,1.0,1.0,6.3,18.0,0.340097967,59.06503226852042,50.79087911395394,62.08922548920799,3.621872790166475,3.242288988224098
0.88,0.94,0.7,1.0,1.0,0.87,0.87,0.86,0.82,1.17,0.9,0.95,1.1,1.0,1.0,6.3,18.0,0.340097967,56.861119808069034,23.624397448031953,10.10608998876574,2.0704064317188164,1.6572904197879028
1.15,0.94,1.3,1.3,1.21,1.0,1.0,0.86,0.91,1.0,1.1,1.07,1.1,1.1,1.08,27.0,958.0,2.660867206,77.41944907623531,84.43022755532527,71.37894727414319,20.981843661420363,19.949849475902894
1.15,0.94,1.3,1.3,1.21,1.0,1.0,0.86,0.91,1.0,1.1,1.07,1.1,1.1,1.08,27.0,958.0,2.660867206,18.162395043935696,64.55287441523282,22.203474307769174,8.988802911308218,7.213889356045315
1.15,0.94,1.3,1.3,1.21,1.0,1.0,0.86,0.91,1.0,1.1,1.07,1.1,1.1,1.08,27.0,958.0,2.660867206,84.9146432603406,88.06024713686524,55.77874393703326,20.821739749102562,19.76731413091795
1.15,0.94,1.3,1.3,1.21,1.0,1.0,0.86,0.91,1.0,1.1,1.07,1.1,1.1,1.08,27.0,958.0,2.660867206,15.055130147672426,62.152874843390876,63.50575368001054,11.804302966344137,10.004045634164987
1.15,0.94,1.3,1.3,1.21,1.0,1.0,0.86,0.91,1.0,1.1,1.07,1.1,1.1,1.08,27.0,958.0,2.660867206,32.60339812007423,50.39447953013151,11.772782313865637,8.556715206331786,6.799793754588474
1.15,0.94,1.3,1.3,1.21,1.0,1.0,0.86,0.91,1.0,1.1,1.07,1.1,1.1,1.08,27.0,958.0,2.660867206,40.43163961034087,37.50688762679406,14.24046796877772,8.55815288115813,6.801164755910445
1.0,0.94,1.15,1.11,1.21,1.3,1.0,1.0,1.0,1.0,1.1,1.07,1.1,1.1,1.23,17.0,237.0,3.306315857,41.75848086471692,13.497269423414764,25.37308016075029,4.821964527593169,3.7478226295318877
1.0,0.94,1.15,1.11,1.21,1.3,1.0,1.0,1.0,1.0,1.1,1.07,1.1,1.1,1.23,17.0,237.0,3.306315857,30.062015576703274,13.674661796309584,93.82315351076957,7.526605639876859,6.394833031867664
1.0,0.94,1.15,1.11,1.21,1.3,1.0,1.0,1.0,1.0,1.1,1.07,1.1,1.1,1.23,17.0,237.0,3.306315857,12.583085556270813,37.09120352378739,76.66254657585415,6.657091072908134,5.518888421790625
1.0,0.94,1.15,1.11,1.21,1.3,1.0,1.0,1.0,1.0,1.1,1.07,1.1,1.1,1.23,17.0,237.0,3.306315857,89.66176533174645,38.43288199006341,94.15457942239017,12.858960574593889,12.160663003379863
1.0,0.94,1.15,1.11,1.21,1.3,1.0,1.0,1.0,1.0,1.1,1.07,1.1,1.1,1.23,17.0,237.0,3.306315857,14.352653764845638,65.21439490838411,37.550891390472714,6.217010057251201,5.084029942034726
1.0,0.94,1.15,1.11,1.21,1.3,1.0,1.0,1.0,1.0,1.1,1.07,1.1,1.1,1.23,17.0,237.0,3.306315857,58.1452171450158,37.81132414669483,58.34351536189253,8.857771580799032,7.774985501214722
1.4,0.94,1.3,1.66,1.21,1.0,1.0,0.71,0.82,0.7,0.9,0.95,0.91,1.0,1.0,25.0,130.0,1.089608414,50.41817393869043,54.89767112089239,19.099314084492587,10.591591284272916,8.920012326759519
1.4,0.94,1.3,1.66,1.21,1.0,1.0,0.71,0.82,0.7,0.9,0.95,0.91,1.0,1.0,25.0,130.0,1.089608414,18.95428375619856,38.968596265119935,78.7712146688016,10.725914195663972,9.055932574798554
1.4,0.94,1.3,1.66,1.21,1.0,1.0,0.71,0.82,0.7,0.9,0.95,0.91,1.0,1.0,25.0,130.0,1.089608414,50.770237581886754,55.36617552931862,13.703930435942798,10.257281705583281,8.583229758708864
1.4,0.94,1.3,1.66,1.21,1.0,1.0,0.71,0.82,0.7,0.9,0.95,0.91,1.0,1.0,25.0,130.0,1.089608414,26.901035910079866,56.43106165017657,66.88394950426465,11.938729427591078,10.298209674002662
1.4,0.94,1.3,1.66,1.21,1.0,1.0,0.71,0.82,0.7,0.9,0.95,0.91,1.0,1.0,25.0,130.0,1.089608414,11.838076069623444,44.364538200303,73.15130156781848,9.997495589571455,8.323030070762993
1.4,0.94,1.3,1.66,1.21,1.0,1.0,0.71,0.82,0.7,0.9,0.95,0.91,1.0,1.0,25.0,130.0,1.089608414,5.898139308360618,44.566219466704986,58.5560154865081,8.323981552327044,6.680505549966533
1.0,0.94,1.15,1.06,1.06,1.0,0.87,1.0,1.0,1.0,1.0,1.0,0.91,1.0,1.0,23.0,70.0,0.961608004,67.60937241951176,33.687437587121806,58.33174865719048,12.56938611345263,11.138618091692171
1.0,0.94,1.15,1.06,1.06,1.0,0.87,1.0,1.0,1.0,1.0,1.0,0.91,1.0,1.0,23.0,70.0,0.961608004,61.559897974586335,46.44194119138742,25.109924169374228,10.600589323554495,9.079259824594624
1.0,0.94,1.15,1.06,1.06,1.0,0.87,1.0,1.0,1.0,1.0,1.0,0.91,1.0,1.0,23.0,70.0,0.961608004,86.05193303331504,50.950705689597946,37.374930046208426,14.01124670483562,12.688975792041278
1.0,0.94,1.15,1.06,1.06,1.0,0.87,1.0,1.0,1.0,1.0,1.0,0.91,1.0,1.0,23.0,70.0,0.961608004,10.561139157366425,47.86902196907519,77.91654349151604,9.650828819258505,8.11207519508328
1.0,0.94,1.15,1.06,1.06,1.0,0.87,1.0,1.0,1.0,1.0,1.0,0.91,1.0,1.0,23.0,70.0,0.961608004,40.334392301458365,55.095001577353564,25.23058672326877,9.253229684477112,7.712700083182953
1.0,0.94,1.15,1.06,1.06,1.0,0.87,1.0,1.0,1.0,1.0,1.0,0.91,1.0,1.0,23.0,70.0,0.961608004,79.25175842476922,16.56851324805089,74.06361323447089,13.544778502372772,12.183742779446753
1.15,0.94,1.3,1.11,1.06,1.0,1.0,0.86,1.13,0.86,1.1,1.07,1.1,1.1,1.08,6.7,57.0,2.12548882,13.08008581234517,50.639857561199584,73.79497774679615,2.851686489461565,2.4038489421743514
1.15,0.94,1.3,1.11,1.06,1.0,1.0,0.86,1.13,0.86,1.1,1.07,1.1,1.1,1.08,6.7,57.0,2.12548882,53.08946454313772,11.814886774724753,73.2365479756722,3.1323314882390694,2.6904585095679017
1.15,0.94,1.3,1.11,1.06,1.0,1.0,0.86,1.13,0.86,1.1,1.07,1.1,1.1,1.08,6.7,57.0,2.12548882,22.70820026369745,57.98208774257457,62.49007765458583,3.030070291550016,2.585403208982816
1.15,0.94,1.3,1.11,1.06,1.0,1.0,0.86,1.13,0.86,1.1,1.07,1.1,1.1,1.08,6.7,57.0,2.12548882,74.46022007795396,80.72227385209004,56.00991928629272,4.74385098017066,4.42733398407827
1.15,0.94,1.3,1.11,1.06,1.0,1.0,0.86,1.13,0.86,1.1,1.07,1.1,1.1,1.08,6.7,57.0,2.12548882,39.68551277084703,61.732448025703235,22.51511786833298,2.756947816728829,2.308337434052996
1.15,0.94,1.3,1.11,1.06,1.0,1.0,0.86,1.13,0.86,1.1,1.07,1.1,1.1,1.08,6.7,57.0,2.12548882,18.133220676577064,78.01312517517223,58.99606973739524,3.239855131874872,2.801662061381894
1.0,0.94,1.15,1.0,1.0,0.87,0.87,0.86,1.0,0.86,0.9,1.0,0.82,1.0,1.0,28.0,50.0,0.446598709,29.351828045591173,52.4551848508011,56.94834982961706,12.477301654261334,10.614833918640025
1.0,0.94,1.15,1.0,1.0,0.87,0.87,0.86,1.0,0.86,0.9,1.0,0.82,1.0,1.0,28.0,50.0,0.446598709,88.60396151874427,41.84772140124532,41.86621355405359,16.955614226344466,15.33714862283423
1.0,0.94,1.15,1.0,1.0,0.87,0.87,0.86,1.0,0.86,0.9,1.0,0.82,1.0,1.0,28.0,50.0,0.446598709,54.45164640889972,14.750478667778433,64.30981438303024,12.739649014064696,10.883218522698888
1.0,0.94,1.15,1.0,1.0,0.87,0.87,0.86,1.0,0.86,0.9,1.0,0.82,1.0,1.0,28.0,50.0,0.446598709,17.918287153852305,24.457907518777866,13.025629767871827,5.155465293310033,3.675274952013077
1.0,0.94,1.15,1.0,1.0,0.87,0.87,0.86,1.0,0.86,0.9,1.0,0.82,1.0,1.0,28.0,50.0,0.446598709,60.865833878160046,70.2524781148256,90.43136616474182,20.314416313837587,19.05169463164909
1.0,0.94,1.15,1.0,1.0,0.87,0.87,0.86,1.0,0.86,0.9,1.0,0.82,1.0,1.0,28.0,50.0,0.446598709,53.48724396369909,74.01602398755247,67.40892517100276,17.870267053252938,16.335244714023027
0.88,0.94,1.3,1.11,1.21,1.15,1.0,0.78,0.82,0.7,1.21,1.14,0.91,1.24,1.0,9.1,38.0,1.157496967,32.67878124455592,37.9704025422967,89.51967395411567,4.669986725653893,4.0866787243974105
0.88,0.94,1.3,1.11,1.21,1.15,1.0,0.78,0.82,0.7,1.21,1.14,0.91,1.24,1.0,9.1,38.0,1.157496967,56.592369420171934,28.356951118818277,30.771940270978153,3.6741809818357005,3.0646746454438922
0.88,0.94,1.3,1.11,1.21,1.15,1.0,0.78,0.82,0.7,1.21,1.14,0.91,1.24,1.0,9.1,38.0,1.157496967,41.47837470786288,13.524534835383877,35.819589116131695,2.8569074232425837,2.2660376561925233
0.88,0.94,1.3,1.11,1.21,1.15,1.0,0.78,0.82,0.7,1.21,1.14,0.91,1.24,1.0,9.1,38.0,1.157496967,26.566522517399857,65.02784236207003,68.95450680954293,4.624739552018388,4.039210228458273
0.88,0.94,1.3,1.11,1.21,1.15,1.0,0.78,0.82,0.7,1.21,1.14,0.91,1.24,1.0,9.1,38.0,1.157496967,22.736435806382264,43.199739230799565,16.09447916084771,2.446338425444285,1.881098624696681
0.88,0.94,1.3,1.11,1.21,1.15,1.0,0.78,0.82,0.7,1.21,1.14,0.91,1.24,1.0,9.1,38.0,1.157496967,54.75352462578475,24.53943226598885,14.209881188217253,3.050884553678391,2.4518994176580393
1.0,0.94,1.15,1.0,1.0,1.0,0.87,0.71,0.82,0.86,1.0,1.0,0.82,1.0,1.0,10.0,15.0,0.38612636,30.192910004362997,42.86104301973893,64.78320592793673,4.43704386860479,3.7714857147288554
1.0,0.94,1.15,1.0,1.0,1.0,0.87,0.71,0.82,0.86,1.0,1.0,0.82,1.0,1.0,10.0,15.0,0.38612636,59.529994495377565,53.873513946146055,18.14809210530245,4.541847961358558,3.8786367717820323
1.0,0.94,1.15,1.0,1.0,1.0,0.87,0.71,0.82,0.86,1.0,1.0,0.82,1.0,1.0,10.0,15.0,0.38612636,74.72340516083761,79.81498613181328,74.2542874002711,7.611014412396036,7.206610551100921
1.0,0.94,1.15,1.0,1.0,1.0,0.87,0.71,0.82,0.86,1.0,1.0,0.82,1.0,1.0,10.0,15.0,0.38612636,32.258549998993196,11.276566101261016,83.4215892254629,4.131286659761446,3.4618033732105906
1.0,0.94,1.15,1.0,1.0,1.0,0.87,0.71,0.82,0.86,1.0,1.0,0.82,1.0,1.0,10.0,15.0,0.38612636,21.837142816379696,88.67393114656309,46.73274399388564,4.9356859668686495,4.285653193805473
1.0,0.94,1.15,1.0,1.0,1.0,0.87,0.71,0.82,0.86,1.0,1.0,0.82,1.0,1.0,10.0,15.0,0.38612636,32.941990893800764,51.09014959932068,28.596082779777582,3.708266607124978,3.0409210185668196
